recording.group,release_group.gid
8a33ef19-5d2b-42d9-927f-6f1e898e1fb3,df421254-b988-4ce0-b76a-21b58cdac421
88004ed1-7414-42c7-b625-3396b3dec983,df421254-b988-4ce0-b76a-21b58cdac421
093a1cf4-09ef-4b1f-b184-533a3ae1577a,9f32e416-2dfb-4fed-9251-e4bd557b99c5
a90e5bc8-73df-4369-b4f6-7649b9784aa2,9f32e416-2dfb-4fed-9251-e4bd557b99c5
3d6e4e87-028d-4016-83ec-9632c2ee759a,9f32e416-2dfb-4fed-9251-e4bd557b99c5
67925e65-23f6-4dca-8829-ff0f8fbf6902,9f32e416-2dfb-4fed-9251-e4bd557b99c5
96c59bfd-cc6e-43dd-89d4-13e519d16a39,df421254-b988-4ce0-b76a-21b58cdac421
25ad1cbd-fb6e-4d02-9a0d-fa3923fc7dff,df421254-b988-4ce0-b76a-21b58cdac421
db9dfe44-a0ee-4c2d-9f2f-e59d7d3bf2ba,d611b2ec-4f80-3b88-a45d-0079d1c53c7d
cee56381-268a-492f-a401-7c47e04f0a13,a0db79d4-ce96-364f-bd33-75937ad80313
66eb0750-2646-457c-a545-8738942b908e,0424e6f5-528d-4b31-9e1d-81de7c9dfd5d
66eb0750-2646-457c-a545-8738942b908e,abb6e096-8a54-4f12-9c21-e287d509a224
8765535b-a38d-4ab8-8379-7f766addee3b,280fbbf3-717d-4121-ad02-16685c6b1fa3
66eb0750-2646-457c-a545-8738942b908e,55c2f4fd-4b84-4b40-9637-3ade82a2c4b0
c9e25757-91e3-40f3-9769-a8983aa0abab,19d72829-88fa-3d47-b750-4e9960989728
66eb0750-2646-457c-a545-8738942b908e,a3746466-661d-4c2c-807c-93ef4bc997d5
66eb0750-2646-457c-a545-8738942b908e,c4c67e2e-946e-3039-8471-79a4a6c68d54
66eb0750-2646-457c-a545-8738942b908e,1764019f-9943-41d7-892a-3c0ec5fd94da
66eb0750-2646-457c-a545-8738942b908e,c4c317ac-c724-4a0c-a7a5-7cabfa64e898
214eb5a7-19f7-466c-97af-b78ac2ab1457,19d72829-88fa-3d47-b750-4e9960989728
75307bd7-fbe0-4aac-bc58-2b7bc03d440f,19d72829-88fa-3d47-b750-4e9960989728
a62566be-5b97-4771-b98c-e9bf6d336fa8,19d72829-88fa-3d47-b750-4e9960989728
8bdca10c-2ebe-40e6-8555-83edaaf06cd8,19d72829-88fa-3d47-b750-4e9960989728
66eb0750-2646-457c-a545-8738942b908e,d8ac294f-2243-3d1c-a8d3-cc12c66e8141
66eb0750-2646-457c-a545-8738942b908e,af39cad1-6013-30c7-95ad-2c64a944b2f5
66eb0750-2646-457c-a545-8738942b908e,12f59dfa-1ce7-39ef-8014-b8b0e30d4828
66eb0750-2646-457c-a545-8738942b908e,b13794a4-ad3a-39ad-95d3-98f8b60c289a
66eb0750-2646-457c-a545-8738942b908e,b0852158-54c8-39d9-8a89-971bdeb44c4a
66eb0750-2646-457c-a545-8738942b908e,ad19e6b6-3c02-33f6-9dd2-7bde680e8b75
66eb0750-2646-457c-a545-8738942b908e,6de65b50-7190-307c-9e1c-0a55accde1fe
66eb0750-2646-457c-a545-8738942b908e,094ad1d0-3a1c-4fb9-919a-4b30080eafb2
66eb0750-2646-457c-a545-8738942b908e,728287b5-20a2-43f7-b26e-c3140c89dd40
66eb0750-2646-457c-a545-8738942b908e,14115ce6-fb5a-4d54-8c7f-c5fb1e23f387
66eb0750-2646-457c-a545-8738942b908e,33e79785-2509-4d5a-8787-9f7770000f1e
66eb0750-2646-457c-a545-8738942b908e,adb4366a-d2ef-4623-bbf7-74addbe8b3bf
66eb0750-2646-457c-a545-8738942b908e,61c9a1f7-1ea9-45d4-b264-c499005609b6
66eb0750-2646-457c-a545-8738942b908e,0cc4f4f2-3bd9-4b53-ae46-f0db557a1132
a653f9b4-c2ce-46a4-95d0-d6392a03fc34,19d72829-88fa-3d47-b750-4e9960989728
4d866555-282a-495b-b60b-acce62514e9d,19d72829-88fa-3d47-b750-4e9960989728
f71c0d82-e9a5-4b79-bab3-14e0cec3ec15,3b286ac1-3269-3710-92bb-afa26c757f50
f71c0d82-e9a5-4b79-bab3-14e0cec3ec15,918dd689-0abe-3591-916e-b1f6479bc783
c6db957a-8e67-4b1b-9c88-ec1908963d91,9e979baa-92cc-3369-82d0-aa64249b5c58
66eb0750-2646-457c-a545-8738942b908e,a684e3c5-6078-4121-9f8d-b57659cd9e6f
66eb0750-2646-457c-a545-8738942b908e,fd8ccdb3-8868-4da8-adeb-5fd5c6ab7345
a7605a81-c877-49bd-93ab-932fea0915c6,19d72829-88fa-3d47-b750-4e9960989728
c6db957a-8e67-4b1b-9c88-ec1908963d91,19d72829-88fa-3d47-b750-4e9960989728
8765535b-a38d-4ab8-8379-7f766addee3b,19d72829-88fa-3d47-b750-4e9960989728
14010694-c3d2-4338-8b21-d11fcd33b2b4,19d72829-88fa-3d47-b750-4e9960989728
9e8416db-443d-4a5c-b4c4-d93d5e72fbd3,19d72829-88fa-3d47-b750-4e9960989728
14010694-c3d2-4338-8b21-d11fcd33b2b4,424ed613-2e8a-3006-9cce-f7ba4928899f
a7605a81-c877-49bd-93ab-932fea0915c6,4d0bed1c-0501-42ca-8184-250e004e5e39
dfd1ed04-b921-4272-bee4-ec0f6093130d,87c1031a-389a-4d36-b149-c136db863886
66eb0750-2646-457c-a545-8738942b908e,5d620dea-b322-444e-8052-65ef1f7a4be3
66eb0750-2646-457c-a545-8738942b908e,6e0fcd50-ba58-41a5-b0ca-99a3386b8686
66eb0750-2646-457c-a545-8738942b908e,ec3be008-8acf-4fc3-9e00-bc55ecfbac10
c6db957a-8e67-4b1b-9c88-ec1908963d91,b7876693-e07c-45d1-adcd-849c56fe45e2
66eb0750-2646-457c-a545-8738942b908e,27b1932d-215b-437e-a0b2-7934ee73dbee
66eb0750-2646-457c-a545-8738942b908e,abdf3f8e-c383-491b-a66b-f3287464a7b8
214eb5a7-19f7-466c-97af-b78ac2ab1457,4f58023c-03d3-4ff2-bde7-a7b010c43648
66eb0750-2646-457c-a545-8738942b908e,36be3bba-98a6-45c2-91fa-5e4779d2f6a5
66eb0750-2646-457c-a545-8738942b908e,44107a6e-7a80-4b98-8757-70c426f2d522
66eb0750-2646-457c-a545-8738942b908e,03d25ed1-119f-454c-abb7-4c40643e1e2b
66eb0750-2646-457c-a545-8738942b908e,cefe5987-3387-4aa8-8d82-502da6c6cef0
a7605a81-c877-49bd-93ab-932fea0915c6,2f0d7a8b-3c45-49d4-b434-0eecc92226af
66eb0750-2646-457c-a545-8738942b908e,f81facc3-bc3b-4185-8985-ad432a9c89f8
66eb0750-2646-457c-a545-8738942b908e,7b5c92df-bab1-494f-adbd-dd6fa5cb33d7
a7605a81-c877-49bd-93ab-932fea0915c6,a68de2c9-11bf-470c-b544-ff08375d14bd
66eb0750-2646-457c-a545-8738942b908e,f62cd0d2-ed10-4c2d-902d-019f8d7f38fa
21b7465b-1ea3-40f4-83dd-75c498008bde,c057c656-355b-388b-8e0c-4812861a3a39
d3b78e49-3edf-4a52-ad5e-fe04475d93a6,21b8f256-9534-4c9e-92e7-36e070398878
310f451e-f5f5-4fb7-ae32-a91877ae0f6e,fec2bf12-4b18-37d0-9a7f-c16a5fe162c6
264bfc88-81c3-4964-afaf-ca0c87351a08,fec2bf12-4b18-37d0-9a7f-c16a5fe162c6
79cee232-508f-4822-bc3c-b52814db6598,fec2bf12-4b18-37d0-9a7f-c16a5fe162c6
310f451e-f5f5-4fb7-ae32-a91877ae0f6e,8515fa23-8d95-3409-a1f5-4725d2fadd0e
c3c0f07d-d28e-4993-a9d4-3174874a3a6e,fec2bf12-4b18-37d0-9a7f-c16a5fe162c6
3de30964-82eb-478b-af0c-788aa046ec2b,fec2bf12-4b18-37d0-9a7f-c16a5fe162c6
0cce5895-938a-492e-84b5-57b9a2c4f4cb,fec2bf12-4b18-37d0-9a7f-c16a5fe162c6
82807a81-1675-4c90-af83-558373d92843,fec2bf12-4b18-37d0-9a7f-c16a5fe162c6
3de30964-82eb-478b-af0c-788aa046ec2b,8515fa23-8d95-3409-a1f5-4725d2fadd0e
0cce5895-938a-492e-84b5-57b9a2c4f4cb,8515fa23-8d95-3409-a1f5-4725d2fadd0e
b584b887-960b-4390-a54a-52a31938134d,27fad6d8-6d09-4ca7-83b8-361404583245
921d79e9-2558-4abf-9b33-cfcb4e523506,27fad6d8-6d09-4ca7-83b8-361404583245
88a7a963-1824-4336-a661-0f7549534976,27fad6d8-6d09-4ca7-83b8-361404583245
9b78b0d3-5aa9-4f94-a173-3a5437599552,27fad6d8-6d09-4ca7-83b8-361404583245
9b0cd0ec-4905-4338-aebd-1cd606a3c8a6,27fad6d8-6d09-4ca7-83b8-361404583245
e9dffdfd-5ea6-49a4-8556-18178c179692,27fad6d8-6d09-4ca7-83b8-361404583245
5f59f9c6-05a0-40b1-97f5-b47624754f34,27fad6d8-6d09-4ca7-83b8-361404583245
c3c0f07d-d28e-4993-a9d4-3174874a3a6e,a82a0ea1-6610-43ff-a05d-0779f44ca261
c3c0f07d-d28e-4993-a9d4-3174874a3a6e,bc6f73bd-9f26-43cb-9534-ecde32357fea
3d702745-6941-49b4-9722-20f321f303f6,fec2bf12-4b18-37d0-9a7f-c16a5fe162c6
dfa2b3e1-f8f1-4bae-a3ed-c3bc582748f1,fec2bf12-4b18-37d0-9a7f-c16a5fe162c6
fd22d876-ff01-4900-8a5b-33dceffe3eb3,fec2bf12-4b18-37d0-9a7f-c16a5fe162c6
fd22d876-ff01-4900-8a5b-33dceffe3eb3,8515fa23-8d95-3409-a1f5-4725d2fadd0e
c97d5829-c1c5-4e6b-a8d8-d21570b6d26f,27fad6d8-6d09-4ca7-83b8-361404583245
915b4e9d-ad3b-4890-a8c0-2e3602dfccfe,fec2bf12-4b18-37d0-9a7f-c16a5fe162c6
6de9bd48-a870-482c-9c87-990be50c3586,fec2bf12-4b18-37d0-9a7f-c16a5fe162c6
16838aaf-6189-4e1c-b2cb-8eb42f20142b,27fad6d8-6d09-4ca7-83b8-361404583245
641fcada-3500-4eb5-bd00-50044c12c6dd,27fad6d8-6d09-4ca7-83b8-361404583245
ec4153a1-1dc8-4c95-83ac-3b9201ae3dcb,27fad6d8-6d09-4ca7-83b8-361404583245
3de42812-b15c-4a8d-9a1d-ee98d6c2706a,da11ad9f-93cb-35b8-9d1c-40ac707fc65f
cd606a61-b3b9-46b6-a7c6-a710b4206726,da11ad9f-93cb-35b8-9d1c-40ac707fc65f
73edc091-2a23-4737-a6fe-d71815d54b47,da11ad9f-93cb-35b8-9d1c-40ac707fc65f
c73c817c-aaf5-499d-897c-8371be038a5b,da11ad9f-93cb-35b8-9d1c-40ac707fc65f
19584112-c0e1-42f2-a372-928cf62a06f3,da11ad9f-93cb-35b8-9d1c-40ac707fc65f
c1d121de-d731-4dac-8315-e861c505828d,86157b5c-931a-34ab-8364-a89c24578ec3
cf025d3e-dcae-4205-bb30-16d5a200c9d3,86157b5c-931a-34ab-8364-a89c24578ec3
4140ff52-ba37-44a2-a305-c45c57b5bc46,86157b5c-931a-34ab-8364-a89c24578ec3
0b56e898-0cd2-4749-8ff0-aa6920979763,86157b5c-931a-34ab-8364-a89c24578ec3
301c7418-4b0e-4eb0-aea2-e5d2f5a347c1,86157b5c-931a-34ab-8364-a89c24578ec3
1d82ac29-e6a0-4624-af50-bc29f9d1a642,86157b5c-931a-34ab-8364-a89c24578ec3
3e595309-ee1e-4c67-a707-357dcee057bd,86157b5c-931a-34ab-8364-a89c24578ec3
1b238346-054f-4702-8dde-ca3d7cdfd5de,86157b5c-931a-34ab-8364-a89c24578ec3
7faeb2d4-72f6-4709-8887-6c0416197a0c,86157b5c-931a-34ab-8364-a89c24578ec3
f5103f6e-95ab-427f-a5ec-efbfe24c5f2d,86157b5c-931a-34ab-8364-a89c24578ec3
f4fd98e7-1897-43b5-956b-68f37ea49877,86157b5c-931a-34ab-8364-a89c24578ec3
0516b6e9-ed26-4798-919e-f537f1d5623e,86157b5c-931a-34ab-8364-a89c24578ec3
9cf80e84-4b51-4c8a-9fa4-b90066e172de,51fb870d-d774-4ae6-a046-b526e51c3127
bebdbbc2-7837-468c-a8d2-194b00c6073f,51fb870d-d774-4ae6-a046-b526e51c3127
ab3574df-383a-4d31-9036-598dfe4d6c15,51fb870d-d774-4ae6-a046-b526e51c3127
2937ce1c-cb35-4ba1-8da5-884107275460,51fb870d-d774-4ae6-a046-b526e51c3127
ab3574df-383a-4d31-9036-598dfe4d6c15,384a1471-b6eb-42ad-8ae1-4623c8812629
2937ce1c-cb35-4ba1-8da5-884107275460,384a1471-b6eb-42ad-8ae1-4623c8812629
53a789f2-bbbb-418b-9a9c-53214816a34b,51fb870d-d774-4ae6-a046-b526e51c3127
99ed9da5-0a7d-40b2-b3c0-09fe992f470a,51fb870d-d774-4ae6-a046-b526e51c3127
60437bf2-3e5a-41fd-9a18-b5b34791d214,51fb870d-d774-4ae6-a046-b526e51c3127
9f1861a9-e00b-4897-b174-fc1f2b0f50bc,51fb870d-d774-4ae6-a046-b526e51c3127
09869697-eb46-4669-b12c-caa5f6426406,51fb870d-d774-4ae6-a046-b526e51c3127
039d19ae-95e3-4de6-b7a4-6fe7f9d1784e,51fb870d-d774-4ae6-a046-b526e51c3127
1c2862b3-ea01-4b53-b58c-bf91b8f85df2,51fb870d-d774-4ae6-a046-b526e51c3127
1c2862b3-ea01-4b53-b58c-bf91b8f85df2,384a1471-b6eb-42ad-8ae1-4623c8812629
1c2862b3-ea01-4b53-b58c-bf91b8f85df2,58055ad8-7f0d-478a-9cb0-ad13a2b92ac3
9bbbdce4-b7dd-43bf-a171-c48c7a52fcd6,c23a8b46-20de-4c4c-a80f-cd285c2664d4
35963783-d2a7-448f-af87-ac9b013e319c,c23a8b46-20de-4c4c-a80f-cd285c2664d4
562721bc-225b-4f99-8ee0-f188d864deee,c23a8b46-20de-4c4c-a80f-cd285c2664d4
75140361-3f92-4405-9e0d-d1ae75c7db9a,1502d09f-71f6-4838-8b88-97af896936e7
77429989-4449-4ce9-8277-61139b4b310a,1502d09f-71f6-4838-8b88-97af896936e7
52917ef6-88b3-45e6-b53a-75ec8d00424d,1502d09f-71f6-4838-8b88-97af896936e7
1f49e440-ff6a-4a0d-a615-cfd008ff7f2f,1502d09f-71f6-4838-8b88-97af896936e7
e1ce3486-1019-4e85-93d4-32fa48a95a00,1502d09f-71f6-4838-8b88-97af896936e7
85a8e3f4-8d90-4af7-82ee-b810371600fa,1502d09f-71f6-4838-8b88-97af896936e7
e11ed36a-0fb9-4bf0-a8df-6e3c96b3a27d,23f75571-66d9-4a00-a9b6-0c006d774f5d
da966fd7-ef68-4a23-abc7-8e0b1ba8ae1b,23f75571-66d9-4a00-a9b6-0c006d774f5d
c93a3ec0-4029-480c-b730-59e270c8c127,23f75571-66d9-4a00-a9b6-0c006d774f5d
9a0c5bbd-5c13-4ade-bcde-fde92f2f4bc2,23f75571-66d9-4a00-a9b6-0c006d774f5d
12c74a5e-613b-4c75-b998-cb383f34f46d,23f75571-66d9-4a00-a9b6-0c006d774f5d
14ab2aeb-4fd3-4dfa-bb72-f699f1d9606e,ba7321da-9091-4e36-9181-047adc3ffc19
13f151f9-821c-4afd-a77f-d3ebc8607d95,ba7321da-9091-4e36-9181-047adc3ffc19
1cc9cef2-5dd8-479f-99f6-786585288291,ba7321da-9091-4e36-9181-047adc3ffc19
860f65a0-bb4d-4939-bb26-6803b074224d,ba7321da-9091-4e36-9181-047adc3ffc19
cde9d7b9-cf70-445f-b8ee-b012e51383bc,d471914b-dd3a-4220-b8e3-ae7d66b8ddcc
53f12aeb-a433-49c3-8d39-17c2539b946a,d471914b-dd3a-4220-b8e3-ae7d66b8ddcc
bebdbbc2-7837-468c-a8d2-194b00c6073f,58055ad8-7f0d-478a-9cb0-ad13a2b92ac3
f858e118-4fa3-4bfb-aede-09c68b178d48,c23a8b46-20de-4c4c-a80f-cd285c2664d4
7b2d2ab3-43ed-41ae-9a30-a8ba5eaf56a6,c23a8b46-20de-4c4c-a80f-cd285c2664d4
7970a2d4-97eb-40d5-ad6b-53ac22f8b223,c23a8b46-20de-4c4c-a80f-cd285c2664d4
b9008155-3869-48a1-88dc-8999f00fd33f,1502d09f-71f6-4838-8b88-97af896936e7
a4b5ce95-758b-4ff2-ae53-27734288e62f,1502d09f-71f6-4838-8b88-97af896936e7
27efbc00-2783-44fd-a6b7-3f01f44fe776,1502d09f-71f6-4838-8b88-97af896936e7
8e2f574c-477c-43a0-a15d-4863bf0d5770,1502d09f-71f6-4838-8b88-97af896936e7
54e2cd29-4bcc-45c5-b44b-57afb47c1f81,23f75571-66d9-4a00-a9b6-0c006d774f5d
97177e84-2c9b-46fe-93d1-d16e6744d1be,23f75571-66d9-4a00-a9b6-0c006d774f5d
8f626496-7e18-4ff4-a28e-d89769c6c52a,23f75571-66d9-4a00-a9b6-0c006d774f5d
7d6ad78d-c616-40bd-94b1-0c267cd41e61,23f75571-66d9-4a00-a9b6-0c006d774f5d
f4717c4b-ec79-4633-862c-cfd2b68390ae,ba7321da-9091-4e36-9181-047adc3ffc19
bd5158af-a430-466a-b8f7-27328b92b617,ba7321da-9091-4e36-9181-047adc3ffc19
26c21e1b-8f23-4aff-aca8-661dc7510117,d471914b-dd3a-4220-b8e3-ae7d66b8ddcc
f858e118-4fa3-4bfb-aede-09c68b178d48,d53e8d29-9f1d-4744-a096-fc0bee0ee84a
f858e118-4fa3-4bfb-aede-09c68b178d48,ca2671e4-f40a-4312-8894-4cd63d34e2ef
4e0de8f4-c140-4a3a-b1bf-7023c93a92f4,c23a8b46-20de-4c4c-a80f-cd285c2664d4
bb9bce44-75c6-44d0-8a7c-3e2a69cf1e44,c23a8b46-20de-4c4c-a80f-cd285c2664d4
d78ce740-8712-4f93-a471-447d4b90b54a,c23a8b46-20de-4c4c-a80f-cd285c2664d4
c41c9b4f-9410-4261-9781-21cbaac67179,c23a8b46-20de-4c4c-a80f-cd285c2664d4
d9f324d3-d7f7-49fa-9272-081c25391339,c23a8b46-20de-4c4c-a80f-cd285c2664d4
443a98d7-3d00-4ea1-b30c-767fe7f8319d,1502d09f-71f6-4838-8b88-97af896936e7
e4afb03d-8d0b-4a17-acf0-aea5333a6bf2,23f75571-66d9-4a00-a9b6-0c006d774f5d
0a8c78c3-eba9-4830-bf7a-ca5391826549,23f75571-66d9-4a00-a9b6-0c006d774f5d
bc2d4ed9-4a99-4d70-9219-1cfbdda3ce3c,ba7321da-9091-4e36-9181-047adc3ffc19
89dee84e-a5e9-4809-b24b-93a394e11e58,ba7321da-9091-4e36-9181-047adc3ffc19
9b068ee1-9d42-4b47-a482-92f18a0ad1f9,ba7321da-9091-4e36-9181-047adc3ffc19
e726f82d-d490-4ee2-ac3c-cc8ce6d23aa3,d471914b-dd3a-4220-b8e3-ae7d66b8ddcc
504bcf20-f338-4589-a21e-828df27532d0,d471914b-dd3a-4220-b8e3-ae7d66b8ddcc
1551209a-1bc6-4872-b9a5-d6956f020f06,d471914b-dd3a-4220-b8e3-ae7d66b8ddcc
42b9684c-1efb-4656-aeba-5e78e9c50501,d471914b-dd3a-4220-b8e3-ae7d66b8ddcc
53a789f2-bbbb-418b-9a9c-53214816a34b,58055ad8-7f0d-478a-9cb0-ad13a2b92ac3
1bc24e42-b7ad-4a31-87e3-5faa111f4c1a,c23a8b46-20de-4c4c-a80f-cd285c2664d4
7d7d7c30-aac8-4452-8bcf-eaf6736a5035,1502d09f-71f6-4838-8b88-97af896936e7
4288b8dc-dab8-49c9-ae7d-d7d6bf79d382,23f75571-66d9-4a00-a9b6-0c006d774f5d
f34e37ac-68e9-4136-85bd-deee368a5d25,23f75571-66d9-4a00-a9b6-0c006d774f5d
436f7cf3-6859-4264-ad27-0c4c1a4fb235,23f75571-66d9-4a00-a9b6-0c006d774f5d
faab6382-0934-440a-8484-6653bb9de4c6,d471914b-dd3a-4220-b8e3-ae7d66b8ddcc
349d96ba-e2d6-4e76-a3d2-b9ff2cd1f79c,d471914b-dd3a-4220-b8e3-ae7d66b8ddcc
01073f0c-a06e-43ba-8c5b-231f57464d85,4f5edfe3-756c-4fa2-a0ab-f073c884e582
60437bf2-3e5a-41fd-9a18-b5b34791d214,58055ad8-7f0d-478a-9cb0-ad13a2b92ac3
039d19ae-95e3-4de6-b7a4-6fe7f9d1784e,58055ad8-7f0d-478a-9cb0-ad13a2b92ac3
09869697-eb46-4669-b12c-caa5f6426406,c4df3f1c-d604-4ff9-9bac-ef5ad295eb5f
f6c244c9-fcdd-4bc0-89f4-9f11a0c43dfd,4739d804-8eba-39a4-bb23-95021fcc705a
f6c244c9-fcdd-4bc0-89f4-9f11a0c43dfd,481bdc8e-3d5e-39f4-ad9a-c3e471b649fa
7c7d407f-a3cd-42ff-9283-611ac074e9bc,1e0f5035-df87-3e3b-823b-5ec8e2c972b1
c0cabe2d-cd02-4983-89c8-d37fd0d69466,1e0f5035-df87-3e3b-823b-5ec8e2c972b1
3a016903-fa19-43bc-b3a2-0f14f2c6218c,1e0f5035-df87-3e3b-823b-5ec8e2c972b1
085ad96f-0cac-4484-beca-34db6b5c1728,1e0f5035-df87-3e3b-823b-5ec8e2c972b1
ec84afdc-2430-4310-8347-576384a44230,1e0f5035-df87-3e3b-823b-5ec8e2c972b1
5472e17c-0b4c-4ca5-91c0-84bce277ffec,1e0f5035-df87-3e3b-823b-5ec8e2c972b1
4fc69955-5ffd-4166-838e-dc60a84642d0,1e0f5035-df87-3e3b-823b-5ec8e2c972b1
3bd24913-ef03-4533-8275-735370fb92ba,1e0f5035-df87-3e3b-823b-5ec8e2c972b1
93bdc34a-e543-45a5-8408-c06638a82fa8,1e0f5035-df87-3e3b-823b-5ec8e2c972b1
685deb92-1241-4945-a73a-ee82daa8dd1f,1e0f5035-df87-3e3b-823b-5ec8e2c972b1
5b00de58-cb80-44dc-9be9-d967f8ba203f,1e0f5035-df87-3e3b-823b-5ec8e2c972b1
8e23c83c-7dad-403b-837b-231585f24e43,1e0f5035-df87-3e3b-823b-5ec8e2c972b1
b6d3eff6-c371-4dd5-991e-2ed15adc5bc2,1e0f5035-df87-3e3b-823b-5ec8e2c972b1
8cb34c0b-70e9-4fc9-930e-864eda810b7b,1e0f5035-df87-3e3b-823b-5ec8e2c972b1
177f8b31-748b-49d6-9adf-60da1fcd751d,1e0f5035-df87-3e3b-823b-5ec8e2c972b1
8d4f0452-8433-45cb-a3da-339f0aa6cf7a,1e0f5035-df87-3e3b-823b-5ec8e2c972b1
b92aef80-eaf0-4438-b1d9-8528cd4e34ac,1e0f5035-df87-3e3b-823b-5ec8e2c972b1
43216ed3-05dc-4ec6-8707-a9bb086d51ef,1e0f5035-df87-3e3b-823b-5ec8e2c972b1
8ce77fde-2ccb-4d82-915a-620c5d50daa0,1e0f5035-df87-3e3b-823b-5ec8e2c972b1
f1e8204e-0062-4da9-a19c-f533a3f7c1c2,1e0f5035-df87-3e3b-823b-5ec8e2c972b1
8ebd0c0e-3c92-4fc2-b810-39afd133f957,1e0f5035-df87-3e3b-823b-5ec8e2c972b1
cc123c38-53dd-4997-bd63-eecda2a10c67,b8ccd840-8105-45b9-bfc3-02c8dd712ebf
e1c755f1-a10f-4086-9a87-1e0768b8ff0f,5feb36d6-984e-3229-aa73-f775b66e859d
8914ea3e-5e8d-4145-92f2-a8c755949d06,6e5c3213-1046-4d53-b067-017bfdc09fc2
12745692-0c93-4135-87e6-fd6baa33733d,146bfe8a-52bf-3d30-9cfc-7ac4ef937a7b
3bd45d85-f8ed-4264-9ffb-00c1a9716bbb,6e5c3213-1046-4d53-b067-017bfdc09fc2
6fcffb35-4947-4e41-850c-8bf27ae9aef1,6e5c3213-1046-4d53-b067-017bfdc09fc2
2e6da808-9aed-4288-bea6-aa7fbac539f2,6e5c3213-1046-4d53-b067-017bfdc09fc2
8efad332-645f-42bc-b3d6-c20854bc573b,e20b4e81-daee-3baf-ba05-de2b9ccb3d14
cfc48e74-0da2-4377-868a-04454bfa9f51,e20b4e81-daee-3baf-ba05-de2b9ccb3d14
a38e0cf6-20ad-4e51-a74e-9fe456a50c76,bbfe3e46-eb84-44d9-8ae7-78e2524f2f0c
a38e0cf6-20ad-4e51-a74e-9fe456a50c76,e20b4e81-daee-3baf-ba05-de2b9ccb3d14
c60e6c91-3a19-4fe7-a262-647b90a14b23,e20b4e81-daee-3baf-ba05-de2b9ccb3d14
66306b88-1372-4892-89d0-8e212a123fca,e20b4e81-daee-3baf-ba05-de2b9ccb3d14
9d0c675e-5fab-468e-89bb-d4d2d920e328,e20b4e81-daee-3baf-ba05-de2b9ccb3d14
41c2cd7d-003b-4be0-b7bf-ccdc87892101,caca3590-c63b-3bd9-91f2-fee377a52463
ee58c52d-9099-4bdf-9600-ed3be2fecb8d,caca3590-c63b-3bd9-91f2-fee377a52463
0a51ca03-30e0-4bd3-a5ac-f341083a9c79,caca3590-c63b-3bd9-91f2-fee377a52463
05d976a6-8a16-4ce7-9d81-211a139fe881,caca3590-c63b-3bd9-91f2-fee377a52463
13a3e451-603e-43b7-bc57-a34ea2b2fa89,caca3590-c63b-3bd9-91f2-fee377a52463
bfe10d6d-35ee-4291-ba61-438f8ff8236b,caca3590-c63b-3bd9-91f2-fee377a52463
445afea2-8a15-4bfd-8e2f-269ed8bf765b,caca3590-c63b-3bd9-91f2-fee377a52463
cea50e6f-d15d-482a-91e3-69db0beabc1d,caca3590-c63b-3bd9-91f2-fee377a52463
abf7a81d-6edc-4647-85cc-02d37bc23e75,caca3590-c63b-3bd9-91f2-fee377a52463
0925a543-292f-4975-8c68-1083f57186a1,caca3590-c63b-3bd9-91f2-fee377a52463
2cbdcca2-312c-4f61-842e-5d8b6ff03446,b6c579e7-e400-3b9d-b34c-1dd40f8658d2
3ef90b56-b36d-4f9d-882d-3ccf36558930,b6c579e7-e400-3b9d-b34c-1dd40f8658d2
89632179-dbb9-437a-af73-65422a623a8e,b6c579e7-e400-3b9d-b34c-1dd40f8658d2
a360cef4-fd93-4600-ac52-9b1f4df70a4b,b6c579e7-e400-3b9d-b34c-1dd40f8658d2
b0602aa5-dd56-4467-8d6d-f840bc194e36,b6c579e7-e400-3b9d-b34c-1dd40f8658d2
8fecc029-107b-4f60-bde1-2a615008fe57,b6c579e7-e400-3b9d-b34c-1dd40f8658d2
92bee3ca-90d9-47e1-8ba8-b97e97fbfa3b,b6c579e7-e400-3b9d-b34c-1dd40f8658d2
48e72002-1150-4c30-ad83-5448a224def3,b6c579e7-e400-3b9d-b34c-1dd40f8658d2
0fad4ba2-63f0-43f3-8f12-8b8d7d1e1131,b6c579e7-e400-3b9d-b34c-1dd40f8658d2
9466923a-ebc3-4b25-8303-9ce3bf3b0ce9,b6c579e7-e400-3b9d-b34c-1dd40f8658d2
74827245-caf8-4169-87c4-00b1eccb95f8,b6c579e7-e400-3b9d-b34c-1dd40f8658d2
a1ffca04-6be0-4274-8996-921f6fcd9dc1,b6c579e7-e400-3b9d-b34c-1dd40f8658d2
a298660f-62c4-45b7-8acf-abbd7259bf7e,b6c579e7-e400-3b9d-b34c-1dd40f8658d2
3f6af467-632d-4bbc-b583-874d4b057a6e,b6c579e7-e400-3b9d-b34c-1dd40f8658d2
4e815e20-446d-4d4b-8e94-339bb863d0c1,b6c579e7-e400-3b9d-b34c-1dd40f8658d2
8853584e-6be0-4efd-bb79-cdc18c8132ae,b6c579e7-e400-3b9d-b34c-1dd40f8658d2
c8142644-a0e8-4a7f-bbf4-0c5041f52ddd,24bb7b28-c7ca-4ec0-b782-a14a537efbe3
650be255-28a9-4b1a-bcfa-a6613c778e7b,5f2bf2de-c154-3c0a-8fcf-2da27472c625
210d9689-f0cc-4537-a9b5-522ecc3cb2f2,5f2bf2de-c154-3c0a-8fcf-2da27472c625
73607d76-89c4-48d9-b58c-10f5dec4d7c9,5cfa84bd-296f-3f5e-9490-5960d27eb912
6b0e0b22-2d8c-4325-ad93-7c82b7ea1107,5cfa84bd-296f-3f5e-9490-5960d27eb912
97e6f1e3-7caf-4ba2-863e-109eee551d05,5cfa84bd-296f-3f5e-9490-5960d27eb912
c0983c4a-7d9f-492d-bd2c-e0d0887ccdc2,5cfa84bd-296f-3f5e-9490-5960d27eb912
5b6fea9b-6f27-4c93-b2e0-d8c46b0925f6,5cfa84bd-296f-3f5e-9490-5960d27eb912
27f1ff66-dbcb-4334-adee-a6095081b6f1,5cfa84bd-296f-3f5e-9490-5960d27eb912
f3af8807-b179-4750-94b8-e07284241d7d,5cfa84bd-296f-3f5e-9490-5960d27eb912
21009308-22b5-402d-a695-e7fa3c64dd86,5cfa84bd-296f-3f5e-9490-5960d27eb912
7ace2a53-cb41-409b-a11a-a53bbb8f7e77,5cfa84bd-296f-3f5e-9490-5960d27eb912
f8b7f256-5493-424d-9226-f5ebd5c0d962,5cfa84bd-296f-3f5e-9490-5960d27eb912
dca444a5-665b-408d-8891-a0e689925607,5cfa84bd-296f-3f5e-9490-5960d27eb912
91a52ed3-f27e-4c7e-8a02-b07c84516f61,5cfa84bd-296f-3f5e-9490-5960d27eb912
dc6804e1-19f5-4e1e-a2d9-c7f0bea07b35,5cfa84bd-296f-3f5e-9490-5960d27eb912
c39b4495-4ede-499c-b668-9c89affff2d1,5cfa84bd-296f-3f5e-9490-5960d27eb912
60a82e15-c8fd-40bb-9c5b-4ecb9a04c46d,87cf26bb-ba30-4b3d-b936-3cd51c2c3e27
f6dfd1c9-ef71-4e5c-9b69-688af9871941,87cf26bb-ba30-4b3d-b936-3cd51c2c3e27
aa02f333-a626-4af4-9457-64df2edc686f,87cf26bb-ba30-4b3d-b936-3cd51c2c3e27
746881dc-9f76-454a-a908-3f0c4c797bf0,87cf26bb-ba30-4b3d-b936-3cd51c2c3e27
6552d242-f8f4-4955-af38-c6405ab04d3f,87cf26bb-ba30-4b3d-b936-3cd51c2c3e27
ddf7e709-af18-4f1d-81dc-fbbec8c716b1,87cf26bb-ba30-4b3d-b936-3cd51c2c3e27
865acdb5-0eef-4cc9-96eb-9e08422f6421,87cf26bb-ba30-4b3d-b936-3cd51c2c3e27
de069f54-8989-45d4-99af-92968e74c864,87cf26bb-ba30-4b3d-b936-3cd51c2c3e27
bc43ff85-289d-4ce6-ac82-b64fabd10542,87cf26bb-ba30-4b3d-b936-3cd51c2c3e27
9993786b-cd59-47ea-8049-6e317fc5acf3,87cf26bb-ba30-4b3d-b936-3cd51c2c3e27
239ca809-47af-47d2-8044-d9a4870c1ea3,87cf26bb-ba30-4b3d-b936-3cd51c2c3e27
386a9b21-157d-4d28-9348-35ac5645eb58,87cf26bb-ba30-4b3d-b936-3cd51c2c3e27
69e611aa-ff7b-431a-a2a6-41253d4a17f4,87cf26bb-ba30-4b3d-b936-3cd51c2c3e27
e88f64f2-28da-4b0b-832e-ab8af7317638,87cf26bb-ba30-4b3d-b936-3cd51c2c3e27
b59ca97d-cce0-4fea-b1cb-ac1f548385ac,87cf26bb-ba30-4b3d-b936-3cd51c2c3e27
ca507d99-a799-4e9c-b316-85a5d26babc4,87cf26bb-ba30-4b3d-b936-3cd51c2c3e27
bfee0759-b49c-4eca-a009-fc0fbef3b1ae,87cf26bb-ba30-4b3d-b936-3cd51c2c3e27
13444a0a-8c81-4db8-9c11-7202d5b84bb1,87cf26bb-ba30-4b3d-b936-3cd51c2c3e27
652ad3b3-6cf0-4f5c-8d1c-118ecc0a9780,87cf26bb-ba30-4b3d-b936-3cd51c2c3e27
aa09593a-d176-4b54-879b-8bb9ae5b2eb9,87cf26bb-ba30-4b3d-b936-3cd51c2c3e27
48b805fa-0e92-45df-b6a1-d6e4096040a0,87cf26bb-ba30-4b3d-b936-3cd51c2c3e27
9f9e556d-a797-474d-97c5-7b8c44e6c416,87cf26bb-ba30-4b3d-b936-3cd51c2c3e27
d1c4f9fc-a549-465f-817f-3fd1cd4bceac,87cf26bb-ba30-4b3d-b936-3cd51c2c3e27
a16bfdc6-f4c7-4866-947f-791c5c92f1f3,87cf26bb-ba30-4b3d-b936-3cd51c2c3e27
9a86069d-52fe-4d6f-a605-176a0dba008a,87cf26bb-ba30-4b3d-b936-3cd51c2c3e27
14c76123-0eea-4d6c-a570-7ddffa2e8e68,87cf26bb-ba30-4b3d-b936-3cd51c2c3e27
c7cb49c7-a10a-45cd-9a07-f39c1efe8cf8,87cf26bb-ba30-4b3d-b936-3cd51c2c3e27
dbbc705a-52fb-4c3a-8695-717e640ad202,87cf26bb-ba30-4b3d-b936-3cd51c2c3e27
000de85e-2297-460e-b896-576ccca937c9,9eb51829-9f9e-488c-9479-8437e6a6fe36
9bed198c-abb8-4d45-98af-fdb91b376bcf,9eb51829-9f9e-488c-9479-8437e6a6fe36
8750e2e8-2eed-4a60-bc11-ce204091bb3d,884c84a8-04d6-3290-9aab-1020cd933458
ff318965-b2ad-4ec7-93bd-ee8c8b7617c6,9eb51829-9f9e-488c-9479-8437e6a6fe36
0976a2e5-e763-465d-8668-d478387bc663,9eb51829-9f9e-488c-9479-8437e6a6fe36
1ed5cac2-8a31-4e73-999a-44cba14841bf,9eb51829-9f9e-488c-9479-8437e6a6fe36
bbf9fdc7-34de-4d72-b8bd-466137004c17,9eb51829-9f9e-488c-9479-8437e6a6fe36
b7223a25-de0d-4604-b9cc-580043412a42,1ceb771e-892b-4d7b-8ea3-98cdc76ffd92
676a4505-b8ae-4ad6-8cb1-e32b98815815,1ceb771e-892b-4d7b-8ea3-98cdc76ffd92
a8d4a925-11fd-4f03-8541-32a598274ffe,1ceb771e-892b-4d7b-8ea3-98cdc76ffd92
dea351ae-457e-434d-aecd-be49a8b6cb35,1ceb771e-892b-4d7b-8ea3-98cdc76ffd92
1edf16c2-48ae-41bb-ba48-8b615fb51846,1ceb771e-892b-4d7b-8ea3-98cdc76ffd92
76f02348-6e42-45d0-a97e-6c16a469b1ad,6b4ee424-76ef-4ff9-b49e-6d370a824337
6960fe38-39ef-47ea-be65-3b6365fb7355,6b4ee424-76ef-4ff9-b49e-6d370a824337
8aef1d96-7e47-4da0-9a32-7a4ed99c24a9,6b4ee424-76ef-4ff9-b49e-6d370a824337
4808852f-ae99-456e-ad62-32b1acf687ff,6b4ee424-76ef-4ff9-b49e-6d370a824337
5e4daacf-cb59-483d-a7f3-3d4bd2cabfb7,6b4ee424-76ef-4ff9-b49e-6d370a824337
b8721e26-cbf7-425e-a329-7f491b208c0e,6b4ee424-76ef-4ff9-b49e-6d370a824337
874e6f5f-d15c-4d51-b478-5a14a0e9262d,c2b9bf5e-c058-3b09-8c19-d94a3c022a62
8005e905-34c7-4b37-986b-e0fd71b97292,c2b9bf5e-c058-3b09-8c19-d94a3c022a62
588165f1-68b0-44c3-a105-fdc9661f6b36,c558ed56-9c2a-45f4-9957-53c67b95ca99
f6dd4c61-6ad4-442f-9118-c4fcd18bf466,c558ed56-9c2a-45f4-9957-53c67b95ca99
8d725bc3-f567-43c3-bd47-227686335555,c558ed56-9c2a-45f4-9957-53c67b95ca99
5376f84e-bf17-4e71-896d-71109dd94377,c558ed56-9c2a-45f4-9957-53c67b95ca99
a835b387-6303-4b09-9651-5393496acf33,c558ed56-9c2a-45f4-9957-53c67b95ca99
0e1106aa-dff7-44cc-8d8e-68325bf16849,c558ed56-9c2a-45f4-9957-53c67b95ca99
a58f86ef-4407-4405-a16b-aea97cddc673,c558ed56-9c2a-45f4-9957-53c67b95ca99
5a80ffa5-c877-4a67-b8c6-6168f5c71c47,c558ed56-9c2a-45f4-9957-53c67b95ca99
8a6093cd-082b-4392-acf9-71572d29c4cf,c558ed56-9c2a-45f4-9957-53c67b95ca99
6cd0c704-59e8-443b-beaf-f75c89bd898c,c558ed56-9c2a-45f4-9957-53c67b95ca99
b4d030dc-262c-4111-8a4a-1b46f8872f1d,c558ed56-9c2a-45f4-9957-53c67b95ca99
340a2aa6-2248-4f62-92b5-eeb88962a96e,c558ed56-9c2a-45f4-9957-53c67b95ca99
64993181-7e0f-4cd5-9c2a-f45ca26b464a,c558ed56-9c2a-45f4-9957-53c67b95ca99
7cd412e2-a6cc-4dc6-92c9-fe791f61dbd9,c558ed56-9c2a-45f4-9957-53c67b95ca99
e850705e-df11-4901-bfdb-3e0d5b688052,7dc3fda2-66dd-3a6c-9d16-b6bc64b22ebb
154542e3-7e28-4233-912c-8bb43f6ff93b,7dc3fda2-66dd-3a6c-9d16-b6bc64b22ebb
e644f84f-8a59-4254-9e79-169c15a1e894,7dc3fda2-66dd-3a6c-9d16-b6bc64b22ebb
0573fd65-0878-4ed6-96cc-a4c4a4ec58bd,e30c9060-bc08-3401-ade8-72d745808a61
c22e9c07-eb3a-44ff-bd9d-2efa1b7eb3b7,e30c9060-bc08-3401-ade8-72d745808a61
e850705e-df11-4901-bfdb-3e0d5b688052,e30c9060-bc08-3401-ade8-72d745808a61
07153c17-66ce-4c49-8e88-610aee8b9cae,e30c9060-bc08-3401-ade8-72d745808a61
8971a8bd-ee81-49f0-ba8e-8f387ac1153f,e30c9060-bc08-3401-ade8-72d745808a61
07153c17-66ce-4c49-8e88-610aee8b9cae,3683e82d-3b1c-4116-a546-c818947c1f0a
5c794b75-d9b7-4341-83e1-b161fc364dfa,7dc3fda2-66dd-3a6c-9d16-b6bc64b22ebb
50ac6ee3-675f-417e-b94c-0c208c8c3377,7dc3fda2-66dd-3a6c-9d16-b6bc64b22ebb
78d3be40-37b3-4ca1-a425-56a8401de861,7dc3fda2-66dd-3a6c-9d16-b6bc64b22ebb
6427b7f6-5d35-4720-8e5a-724c3fc6df85,7dc3fda2-66dd-3a6c-9d16-b6bc64b22ebb
b79c6abd-877c-442e-92ca-eb5bd7a031cb,7dc3fda2-66dd-3a6c-9d16-b6bc64b22ebb
c502df86-8ad4-410a-9766-c56b406150eb,e30c9060-bc08-3401-ade8-72d745808a61
6427b7f6-5d35-4720-8e5a-724c3fc6df85,e30c9060-bc08-3401-ade8-72d745808a61
50ac6ee3-675f-417e-b94c-0c208c8c3377,e30c9060-bc08-3401-ade8-72d745808a61
9d2b3c72-26d2-4b0b-bad9-558c72e46cdd,e30c9060-bc08-3401-ade8-72d745808a61
f602da04-97ca-4497-8666-3af1405dbad0,e30c9060-bc08-3401-ade8-72d745808a61
f51173f6-01a1-4e58-b07e-beaa51fe1450,e30c9060-bc08-3401-ade8-72d745808a61
9ccf6c98-b70b-4d68-bb32-4f3889166251,e30c9060-bc08-3401-ade8-72d745808a61
2040aed7-0207-47fe-871a-498376a70920,e30c9060-bc08-3401-ade8-72d745808a61
c31325b7-c91d-4cc3-84b6-943557fb4279,e30c9060-bc08-3401-ade8-72d745808a61
acbe3383-8f31-4e81-a670-6b3efec78790,e30c9060-bc08-3401-ade8-72d745808a61
793fff59-1946-4f43-ac78-cb2fd2deaec9,e30c9060-bc08-3401-ade8-72d745808a61
ee6df21e-b2d2-4ae7-a953-b2c6ebadc5f4,7dc3fda2-66dd-3a6c-9d16-b6bc64b22ebb
06b2145f-b331-44af-942a-27700575f6f2,7dc3fda2-66dd-3a6c-9d16-b6bc64b22ebb
a5a1f502-6088-466e-b54e-77b57c6871fc,e30c9060-bc08-3401-ade8-72d745808a61
e0549658-ee2e-4f74-b628-2fd6ca6ab59b,e30c9060-bc08-3401-ade8-72d745808a61
e644f84f-8a59-4254-9e79-169c15a1e894,e30c9060-bc08-3401-ade8-72d745808a61
5fd2e221-60ff-4732-a1b9-f428026ebcc6,e30c9060-bc08-3401-ade8-72d745808a61
43cc1cbe-5457-467d-8a36-3970ae5e91ef,e30c9060-bc08-3401-ade8-72d745808a61
d47acbed-2fa9-4562-bde8-b008225a2e8a,e30c9060-bc08-3401-ade8-72d745808a61
1d2ac174-20dc-49a1-858f-02fd4f8c699b,7dc3fda2-66dd-3a6c-9d16-b6bc64b22ebb
5d86a8e8-6b2f-44c7-b3e2-55bb8cf58ce9,e30c9060-bc08-3401-ade8-72d745808a61
c620d814-a5a0-4b85-9038-6f7e02446704,e30c9060-bc08-3401-ade8-72d745808a61
727bea97-a8a2-4315-899b-6a890700f8dc,e30c9060-bc08-3401-ade8-72d745808a61
0c59ad78-0f1a-4d28-ba04-a721cc48e826,e30c9060-bc08-3401-ade8-72d745808a61
4c498dd9-7243-4683-ad49-3d49487a2a5d,e30c9060-bc08-3401-ade8-72d745808a61
31f50c86-191a-4372-b1bc-2488b42cfa32,ddc970ca-0122-4a37-93c0-93ae15baed7a
6d4d8eb8-60bf-44a5-8ea6-85a4b2ecfde5,ddc970ca-0122-4a37-93c0-93ae15baed7a
07061f7c-5861-40f6-90b0-f66590234984,ddc970ca-0122-4a37-93c0-93ae15baed7a
dc6b1ebe-4de9-4b89-aff6-8aa07ca14b7b,ddc970ca-0122-4a37-93c0-93ae15baed7a
82d20fa6-64f2-4256-8459-8e393f1befb2,ddc970ca-0122-4a37-93c0-93ae15baed7a
dd3d7d48-e4ba-4e1c-899d-a5b03dc644b5,ddc970ca-0122-4a37-93c0-93ae15baed7a
b375c630-a229-498e-8cbf-46466b4dc7f3,ddc970ca-0122-4a37-93c0-93ae15baed7a
34ddface-5746-4346-b359-69e116a10896,ddc970ca-0122-4a37-93c0-93ae15baed7a
1a84a204-6ada-41fd-b5ab-f4cd98bcf940,ddc970ca-0122-4a37-93c0-93ae15baed7a
b336abf3-8da1-4aa8-a3f7-68480b59e6e3,ddc970ca-0122-4a37-93c0-93ae15baed7a
89b807e4-522c-4d0f-a383-71a4280caac5,ddc970ca-0122-4a37-93c0-93ae15baed7a
99230c38-eb78-497d-83bc-45d18331daa2,ddc970ca-0122-4a37-93c0-93ae15baed7a
13a00cfd-fde7-4d97-996f-6fdde1ed9cbc,ddc970ca-0122-4a37-93c0-93ae15baed7a
ee2837ee-4f64-41b5-93d6-10e40575eacc,ddc970ca-0122-4a37-93c0-93ae15baed7a
73c5a292-e062-4ff1-a72d-898749e6cd2c,4f77b1cd-2cb9-3b89-b277-c04ed9f0a387
978e4483-2cca-4b51-93c8-fd9b17863582,8003a771-c81f-38d1-825f-241d997e03b9
73c5a292-e062-4ff1-a72d-898749e6cd2c,8003a771-c81f-38d1-825f-241d997e03b9
a2a357c5-dc04-428d-bc25-fd6e64666d65,8003a771-c81f-38d1-825f-241d997e03b9
7ddccc14-275e-46ee-94a8-e59b1501adc9,8003a771-c81f-38d1-825f-241d997e03b9
ba65ec19-7d6e-4255-86ae-50440faabda0,8003a771-c81f-38d1-825f-241d997e03b9
34568725-dde2-4a59-9f2e-51b7df5f7b56,8003a771-c81f-38d1-825f-241d997e03b9
217a7d3f-5ef9-4444-984e-ccbb15f4eca8,8003a771-c81f-38d1-825f-241d997e03b9
1389a81f-ca0d-4b94-86fd-60d8b66eac61,8003a771-c81f-38d1-825f-241d997e03b9
04e4e537-b77c-4c66-a714-6d79d5a087e0,8003a771-c81f-38d1-825f-241d997e03b9
4775fe5d-21da-4d09-845a-f19251cac8a0,8003a771-c81f-38d1-825f-241d997e03b9
c942eee5-796e-4d14-b50e-9088ab3e6e4d,8003a771-c81f-38d1-825f-241d997e03b9
f52a5868-17f5-4d1c-aa83-4986c018919b,8003a771-c81f-38d1-825f-241d997e03b9
88981c24-37e2-4148-b7ee-6429364aa5a8,3f30f235-d119-38fe-8585-4fb7a238dfb5
3857e3c5-2f4b-4215-b0bf-4d876dad650f,3f30f235-d119-38fe-8585-4fb7a238dfb5
f1684f6d-55ba-4993-bbed-fa9b7823771f,3f30f235-d119-38fe-8585-4fb7a238dfb5
17840df8-1c6c-40e1-a1a5-24c8101d7d0a,3f30f235-d119-38fe-8585-4fb7a238dfb5
d3c93104-f325-4958-bc5c-8d8e3eb59b56,3f30f235-d119-38fe-8585-4fb7a238dfb5
0c088cfa-bcdf-48cc-8e82-e9c82f44fdf3,3f30f235-d119-38fe-8585-4fb7a238dfb5
1b48def8-e07f-4b68-ac0c-0ec9753f7d97,3f30f235-d119-38fe-8585-4fb7a238dfb5
5f4dc99f-db7e-40ed-aff8-37fb783796a6,3f30f235-d119-38fe-8585-4fb7a238dfb5
0c088cfa-bcdf-48cc-8e82-e9c82f44fdf3,ea6c8022-9881-3edb-8c45-ec2d7efe7768
5f4dc99f-db7e-40ed-aff8-37fb783796a6,67daa3d3-0210-3080-8b78-a2a41f191a41
ab5693f6-f4ad-4e6d-af91-80226db15921,3f30f235-d119-38fe-8585-4fb7a238dfb5
4b492184-f271-4620-8629-5284934872e7,e8124281-eea3-4871-a095-80fd40be9adb
1170bcd4-27bc-4291-921e-8de925791366,ca8546d8-d69b-337d-93bd-36e9efab48a2
9447cb8d-d92f-4638-b6f4-77079f019d35,e8124281-eea3-4871-a095-80fd40be9adb
db2a39e1-30de-42e6-86b8-e25a62045d2f,5142d151-7eb1-4633-bc88-afe7e9e866d2
8587b4a0-1f83-4bf1-9399-eb2d2666d7ae,5142d151-7eb1-4633-bc88-afe7e9e866d2
a4aff1d2-ad22-4e50-9f85-b9151e533648,5142d151-7eb1-4633-bc88-afe7e9e866d2
a0aa08e0-af49-4b41-9a85-2417a11bb10f,5142d151-7eb1-4633-bc88-afe7e9e866d2
26c54eab-c619-4de2-bbf0-21ce8fad7a3d,5142d151-7eb1-4633-bc88-afe7e9e866d2
057dcf7a-cc9d-416a-b7fb-1a833da79e02,f375fc50-ec7e-4bdc-a516-7a15fd3dba50
459a8588-fb05-41ed-834a-70f91eef6048,f375fc50-ec7e-4bdc-a516-7a15fd3dba50
d4aca94b-7dce-455f-b1eb-1c2520dc074a,4a581ae6-fd3e-4376-a28e-7a7bb238760f
0794cf9c-95d6-46d9-99dc-b7e7b5ab8a9d,f375fc50-ec7e-4bdc-a516-7a15fd3dba50
e4edd3a0-651b-4317-8ea7-bfb8b2aa0b5c,ca8546d8-d69b-337d-93bd-36e9efab48a2
97fe0314-5546-4fe7-8b8e-34c62f1c3008,67daa3d3-0210-3080-8b78-a2a41f191a41
b779b3d9-abcb-4ba9-a3f8-da21d1df11e3,2d9461c2-784b-3996-834d-75160f07200d
8ac99689-e5b5-4dab-b240-134c345246b9,53010ab7-0793-4332-a085-f0e0aa7c8144
5bb0f48b-514b-4117-83f9-95419285ca78,53010ab7-0793-4332-a085-f0e0aa7c8144
67ac7935-d2f1-4e1a-b6a2-94f30751b4b8,eafea6a7-d28b-4a8c-a89e-83a5e99a7011
e3b5c606-660d-4012-b40c-ef8e7d190618,eafea6a7-d28b-4a8c-a89e-83a5e99a7011
ef566abf-7f5c-465c-a84f-fbd9098b1a75,2d9461c2-784b-3996-834d-75160f07200d
8f5b8468-95bd-46a3-b16d-636ddae844cb,53010ab7-0793-4332-a085-f0e0aa7c8144
7dae5132-2073-4d46-8cbf-8b133a45f4d3,53010ab7-0793-4332-a085-f0e0aa7c8144
cf984fe1-d4ef-4da6-9534-e170f9994a60,53010ab7-0793-4332-a085-f0e0aa7c8144
7af5a0ee-b042-4b91-922f-de06307d3935,eafea6a7-d28b-4a8c-a89e-83a5e99a7011
3a470dad-086f-4a82-926c-ad0bc7d83f37,eafea6a7-d28b-4a8c-a89e-83a5e99a7011
d9a96cbf-d196-42e6-9f1d-9bbc8e42a189,eafea6a7-d28b-4a8c-a89e-83a5e99a7011
866c9784-c2d6-4146-a588-5a57eca2a97e,4a5c9a68-b8c0-48b3-9518-928b5a7fd3d9
6ec7fcd6-7b91-455a-9b8f-34208df0aa14,4a5c9a68-b8c0-48b3-9518-928b5a7fd3d9
1723aa15-2987-4a38-8357-1a10b4213095,4a5c9a68-b8c0-48b3-9518-928b5a7fd3d9
fcd9bf7e-6bf2-4562-8e79-d2f2386339ab,4a5c9a68-b8c0-48b3-9518-928b5a7fd3d9
2867da6c-25cf-4db6-aac4-d9df10eedb30,67daa3d3-0210-3080-8b78-a2a41f191a41
2867da6c-25cf-4db6-aac4-d9df10eedb30,2d9461c2-784b-3996-834d-75160f07200d
a3d488db-5617-4cd5-9381-c9c2901e3380,2d9461c2-784b-3996-834d-75160f07200d
2616d088-1438-43cc-a576-17c27f862b05,2d9461c2-784b-3996-834d-75160f07200d
6d84b02e-8051-4594-bc5c-d9c4e951b4c7,2d9461c2-784b-3996-834d-75160f07200d
2c0861b2-538d-4ff2-83eb-a0721dde7d1a,2d9461c2-784b-3996-834d-75160f07200d
be1dc17c-c44c-4f75-8d24-72bfd2e3973b,53010ab7-0793-4332-a085-f0e0aa7c8144
c79371d9-6500-413e-b141-e3a49a091d9b,53010ab7-0793-4332-a085-f0e0aa7c8144
0b3a385c-c9b7-4663-91fe-f15e8207476d,53010ab7-0793-4332-a085-f0e0aa7c8144
d15a8c27-3a4b-4774-aece-6af756d15b21,eafea6a7-d28b-4a8c-a89e-83a5e99a7011
0b48eefd-cac5-41aa-9d22-540710819e95,eafea6a7-d28b-4a8c-a89e-83a5e99a7011
283d72be-42d4-4dd7-92f7-c2a199b6bbbe,eafea6a7-d28b-4a8c-a89e-83a5e99a7011
c5d1770c-6ec6-44e9-82aa-c783a40a212f,eafea6a7-d28b-4a8c-a89e-83a5e99a7011
e521b7a6-6d5f-48a4-8b7b-845592d2dc08,a56e614f-08f5-42d3-baeb-d1e952a4b654
9c404f5a-7815-4a8c-93c8-cabfca60095d,a56e614f-08f5-42d3-baeb-d1e952a4b654
a137d3a5-2992-420f-8c1a-55e8ebb2f09e,2d9461c2-784b-3996-834d-75160f07200d
90109810-d5f8-4a5f-bc25-62350f8b8469,2d9461c2-784b-3996-834d-75160f07200d
ee01aaa1-01a3-4d28-8a78-a7789489b6cb,2d9461c2-784b-3996-834d-75160f07200d
c5068112-515d-45ab-ba10-fb6b8ea203d7,2d9461c2-784b-3996-834d-75160f07200d
e4cb7ac5-6c4d-407c-9df2-6add6a3efc07,53010ab7-0793-4332-a085-f0e0aa7c8144
6c23e0a1-87b2-4b86-9b26-530bcfad1bd4,53010ab7-0793-4332-a085-f0e0aa7c8144
2637edd2-a6f6-4a26-8970-a2dc994c029d,53010ab7-0793-4332-a085-f0e0aa7c8144
e836ac11-7b62-421a-935d-72fef7a85da1,53010ab7-0793-4332-a085-f0e0aa7c8144
57b553e9-22d1-48ef-a5f1-69365e17af8d,53010ab7-0793-4332-a085-f0e0aa7c8144
406d1854-1e16-40d0-b0c9-bbcf91317572,53010ab7-0793-4332-a085-f0e0aa7c8144
926203f6-3e0c-4364-9052-362bc6240426,53010ab7-0793-4332-a085-f0e0aa7c8144
3c1bb831-8c5e-43a8-b4ca-2817c72bbe60,eafea6a7-d28b-4a8c-a89e-83a5e99a7011
dbd57da5-bb7f-4eab-a054-c0fa8e84c806,eafea6a7-d28b-4a8c-a89e-83a5e99a7011
5f75648d-675f-4a74-9e05-ddb556c1e3c5,eafea6a7-d28b-4a8c-a89e-83a5e99a7011
a8102794-b214-4935-9173-4994410f5c3a,eafea6a7-d28b-4a8c-a89e-83a5e99a7011
2b81073e-2fc3-4ff8-bae2-320182d21a75,eafea6a7-d28b-4a8c-a89e-83a5e99a7011
8d3bca43-7038-4540-8ce1-b63e29eec4a7,2d9461c2-784b-3996-834d-75160f07200d
9ca87abd-a3ec-4078-9166-7efe8560cc4d,4a5c9a68-b8c0-48b3-9518-928b5a7fd3d9
5302ee22-70ee-4261-9eb9-a52c93a014f9,4a5c9a68-b8c0-48b3-9518-928b5a7fd3d9
873cc292-de3e-4402-acc4-26dadd0e506b,4a5c9a68-b8c0-48b3-9518-928b5a7fd3d9
00e9714f-a040-4131-8cc3-9a3501639276,4a5c9a68-b8c0-48b3-9518-928b5a7fd3d9
7c07420b-c55c-4a00-a263-bcb0f8dbf10f,4a5c9a68-b8c0-48b3-9518-928b5a7fd3d9
cc8f5c6f-c242-4357-9709-46ba8075875b,4a5c9a68-b8c0-48b3-9518-928b5a7fd3d9
918dee83-1c28-4a23-986c-b1ff501b3369,a56e614f-08f5-42d3-baeb-d1e952a4b654
944474d1-a10a-41ad-b7b6-592162d09ddf,a56e614f-08f5-42d3-baeb-d1e952a4b654
4a73044e-08a3-43b9-9679-45b142fd08a1,a56e614f-08f5-42d3-baeb-d1e952a4b654
7fff842d-9def-4d68-9638-8634976b7619,a56e614f-08f5-42d3-baeb-d1e952a4b654
f8423692-2ccb-4df8-a896-768fc73b1cb9,a56e614f-08f5-42d3-baeb-d1e952a4b654
7ae036cf-b7f7-49ed-9695-724fd850749a,a56e614f-08f5-42d3-baeb-d1e952a4b654
a43ab07b-8748-487f-a551-318f7c09f473,a56e614f-08f5-42d3-baeb-d1e952a4b654
c0907dc6-94a1-41d3-a16a-4ba99d1a2c2e,a56e614f-08f5-42d3-baeb-d1e952a4b654
01c5054b-b3f9-48bc-b61d-41257581e9df,a56e614f-08f5-42d3-baeb-d1e952a4b654
3083d2a8-8948-4b91-bef0-2fda0f623490,a56e614f-08f5-42d3-baeb-d1e952a4b654
b55cf370-15e7-4cec-993e-60f14282229b,a56e614f-08f5-42d3-baeb-d1e952a4b654
f4540f01-9e34-4c6f-9afe-ab9ddafff4f7,37a74c4f-b72b-3d4b-a2c7-eb0eaf625140
94363e27-792a-4825-9df9-92e9b8d5737b,67daa3d3-0210-3080-8b78-a2a41f191a41
6a441159-15d3-481e-87eb-c8a24d07797e,322357d4-944b-4584-abf8-7847b3c243b5
dc9089d3-0a48-47e3-99fe-72408b6beb3a,f92b6dd2-f177-44ec-972c-d2a943d12497
1527ff81-93a7-4080-b8cd-bee977bb43cb,f92b6dd2-f177-44ec-972c-d2a943d12497
54580a98-d050-411c-9e55-1ce3d9b9cac6,f92b6dd2-f177-44ec-972c-d2a943d12497
e29f2836-34d6-4398-8c43-403438b6c2d9,f92b6dd2-f177-44ec-972c-d2a943d12497
119b7f05-e014-427d-9e6f-475495ef9027,f92b6dd2-f177-44ec-972c-d2a943d12497
35a5414b-e341-4616-843e-e7f02ee73eef,f92b6dd2-f177-44ec-972c-d2a943d12497
d6b69c99-89e3-4c88-8075-e87d35ae6422,f92b6dd2-f177-44ec-972c-d2a943d12497
297d3a09-391c-4c70-8c2d-7a3c4cf90f27,f92b6dd2-f177-44ec-972c-d2a943d12497
306a93af-4e8d-416b-81f4-6ed85e967823,f92b6dd2-f177-44ec-972c-d2a943d12497
f3dd4e6b-6e8e-4554-9164-49f9e1e27d49,1ed8fbef-24bd-3411-a3a2-e5134ac8d8f6
76adf65c-ebef-4bcf-9ad5-c9742c66e6ff,1ed8fbef-24bd-3411-a3a2-e5134ac8d8f6
55335f78-c85c-4a9e-b813-96e1b148d619,1ed8fbef-24bd-3411-a3a2-e5134ac8d8f6
e51bb468-b3e9-44e3-85ef-701b48a44036,1ed8fbef-24bd-3411-a3a2-e5134ac8d8f6
ff6df24e-eecf-496f-ac0b-f8685dc767af,1ed8fbef-24bd-3411-a3a2-e5134ac8d8f6
70bcfea4-d27c-4384-a0b2-a133470d9a23,1ed8fbef-24bd-3411-a3a2-e5134ac8d8f6
e29f2836-34d6-4398-8c43-403438b6c2d9,1ed8fbef-24bd-3411-a3a2-e5134ac8d8f6
f4e0418e-ee96-4dbc-8e56-e527fcbd875e,bc1c9420-ed79-4a89-812d-b5a3d20b5feb
f9ceb8b8-ca3e-4da2-b4a1-605ed908ee80,bc1c9420-ed79-4a89-812d-b5a3d20b5feb
85577c08-7908-47e7-98d9-ba1cbd2ee6a3,bc1c9420-ed79-4a89-812d-b5a3d20b5feb
b975d7d9-c88f-4c05-a472-bff8fb5c76a3,bc1c9420-ed79-4a89-812d-b5a3d20b5feb
4f490c1a-02f2-49fd-ace6-0e15ef2c42a1,bc1c9420-ed79-4a89-812d-b5a3d20b5feb
aa36a542-a80f-4948-96a7-a2c525661c38,bc1c9420-ed79-4a89-812d-b5a3d20b5feb
93e18a46-8f35-41a4-bd5f-f4a3ac55cd45,bc1c9420-ed79-4a89-812d-b5a3d20b5feb
3d6eebc9-3a7b-48af-9187-0cb955cbc1f3,bc1c9420-ed79-4a89-812d-b5a3d20b5feb
1642da47-39d0-4799-8391-fd5ef250951d,bc1c9420-ed79-4a89-812d-b5a3d20b5feb
5556f494-a950-4cc7-82b4-0deee4054ce6,1e4572df-1aa0-3271-a9f2-e4aa58d9e1e7
5556f494-a950-4cc7-82b4-0deee4054ce6,8db18b9a-7cf4-4691-802a-d67ed91ba112
2ce837e2-48ba-4a56-ab56-990f6fce50ab,a81f1089-5f60-49b7-a07b-3a90de5c6b41
f97c22da-0953-4fce-a316-f6fafaa52e70,58ffee76-8619-4f99-83f3-6468dc6beb04
7eb76be0-dd90-4cc7-9a82-d6735446a677,58ffee76-8619-4f99-83f3-6468dc6beb04
6ce72636-a6fd-440c-ba3c-ecc1add41f97,8db18b9a-7cf4-4691-802a-d67ed91ba112
c206a6b9-9215-4a51-9834-87fda0dfe28b,a2a9fedf-ddf5-434c-a298-8457e1e81649
1e33a8c7-0e20-4dae-ab5c-d358e863dc1d,a2a9fedf-ddf5-434c-a298-8457e1e81649
ac937e6d-d86e-4251-89c6-7b96582b7d81,a2a9fedf-ddf5-434c-a298-8457e1e81649
475d8b8f-cca4-4d6a-a383-90545119782c,a2a9fedf-ddf5-434c-a298-8457e1e81649
ba71c627-ca45-4f88-9237-6f7d888d7e1f,a2a9fedf-ddf5-434c-a298-8457e1e81649
13f81538-1d64-43a6-8319-af8118de8f96,a2a9fedf-ddf5-434c-a298-8457e1e81649
43527283-7741-461e-b19f-a927f1bd7916,a2a9fedf-ddf5-434c-a298-8457e1e81649
c3575632-c172-4f34-99fb-be380356a006,8db18b9a-7cf4-4691-802a-d67ed91ba112
bf304fe0-94a4-42a1-8678-5ecde4fc0492,8db18b9a-7cf4-4691-802a-d67ed91ba112
52904898-c19c-499d-96c2-4bf1e630c6a7,1e4572df-1aa0-3271-a9f2-e4aa58d9e1e7
56a28ac7-cf28-4086-9bcf-a5e7ed76d3f4,1e4572df-1aa0-3271-a9f2-e4aa58d9e1e7
52904898-c19c-499d-96c2-4bf1e630c6a7,8db18b9a-7cf4-4691-802a-d67ed91ba112
56a28ac7-cf28-4086-9bcf-a5e7ed76d3f4,8db18b9a-7cf4-4691-802a-d67ed91ba112
bf8acd53-634b-43ed-a984-68601b537771,58ffee76-8619-4f99-83f3-6468dc6beb04
f1b25255-e549-4b5a-8b7e-3d52a223cff9,1e4572df-1aa0-3271-a9f2-e4aa58d9e1e7
3d4fdd15-02ba-4351-bd83-1e060886fc72,58ffee76-8619-4f99-83f3-6468dc6beb04
1522d925-28b4-405c-8e40-cce793f13467,58ffee76-8619-4f99-83f3-6468dc6beb04
00fead6b-2ab4-4cee-bd0f-361891cf2904,ce9c8d31-a442-4a97-96e8-8eb0c577fdc4
4d9fdf30-19ce-44fa-84d3-4c7f7080f3ff,ec70e1d4-029c-4844-8313-f1919ea516a7
b4836e93-9237-4466-a916-94e9bff9d36f,ec70e1d4-029c-4844-8313-f1919ea516a7
130076d3-ce1f-42de-a0ef-22d078813576,ec70e1d4-029c-4844-8313-f1919ea516a7
6cc28aba-9500-4be9-b6b4-f5aef557e7cc,ec70e1d4-029c-4844-8313-f1919ea516a7
2bb8bb72-6254-4413-bc0d-1fdf91946ab4,ec70e1d4-029c-4844-8313-f1919ea516a7
18d79053-f61c-4330-9171-9d689cdd1899,ec70e1d4-029c-4844-8313-f1919ea516a7
92b6dbd4-6677-4730-92e3-86400543fe5a,0e088a65-0119-3de2-a430-8bc5851fc4c6
cd8a8f10-3c21-433b-a885-ca0a5fa3205e,0e088a65-0119-3de2-a430-8bc5851fc4c6
7771ca9c-a5f3-4ceb-b5c5-42fc8384b572,0eff296c-f1a5-31ab-a9e3-b9ebb35ba8b5
01308635-487e-4f3b-a990-36b9863b520b,0eff296c-f1a5-31ab-a9e3-b9ebb35ba8b5
4aaf07e5-4a9f-48dc-8417-b99c630b8f56,3a259131-b1cc-33e9-ac7b-8cd82a73506b
0eb6fa18-40b3-409a-ad84-a4af69d7a7e6,3a259131-b1cc-33e9-ac7b-8cd82a73506b
7fcd253c-1b66-4fed-b2ab-88da9a8ca371,0eff296c-f1a5-31ab-a9e3-b9ebb35ba8b5
5acdaf16-9f43-4ea9-9e46-274d38b2b7c0,0eff296c-f1a5-31ab-a9e3-b9ebb35ba8b5
4bced8e4-cde1-4e10-a51e-dfa9f2021485,0eff296c-f1a5-31ab-a9e3-b9ebb35ba8b5
35f65813-a46b-49ea-a871-117e1270d4de,0e088a65-0119-3de2-a430-8bc5851fc4c6
99602184-ba8e-49c7-85df-9e7a8abefa89,0e088a65-0119-3de2-a430-8bc5851fc4c6
401f7daa-59a3-406e-b8eb-7d6b10ecf36f,0e088a65-0119-3de2-a430-8bc5851fc4c6
0b37f237-9d55-410b-826b-66c30146c690,0e088a65-0119-3de2-a430-8bc5851fc4c6
850bc9f5-8885-445c-8ce8-ad0276e9b8a5,0e088a65-0119-3de2-a430-8bc5851fc4c6
1f362d71-ef6a-41a2-812c-ef65ddce96e9,0e088a65-0119-3de2-a430-8bc5851fc4c6
6bd26c06-8808-4558-acdc-7c17d8633c14,3a259131-b1cc-33e9-ac7b-8cd82a73506b
013ad082-1552-4104-9f46-1297a109a172,0eff296c-f1a5-31ab-a9e3-b9ebb35ba8b5
d7832367-b6da-4dae-99d8-9aef1052040a,0eff296c-f1a5-31ab-a9e3-b9ebb35ba8b5
2d1256c1-1ce3-4b2e-8df3-4845baadd00e,0eff296c-f1a5-31ab-a9e3-b9ebb35ba8b5
8eb56ddb-7187-494e-a6ad-c4c16277ab2f,0eff296c-f1a5-31ab-a9e3-b9ebb35ba8b5
5e12be28-bf08-49c2-afb7-be648cd9fb59,0eff296c-f1a5-31ab-a9e3-b9ebb35ba8b5
9e9f8336-c880-438a-8571-c3e159710533,0eff296c-f1a5-31ab-a9e3-b9ebb35ba8b5
d45747dd-2992-4ee4-a087-3615de35b5e6,0eff296c-f1a5-31ab-a9e3-b9ebb35ba8b5
a6a13480-47b2-4e40-aaca-6fe6054828e7,0eff296c-f1a5-31ab-a9e3-b9ebb35ba8b5
78ae4fbd-12a0-4d9e-a7d5-475d3937bdb4,0e088a65-0119-3de2-a430-8bc5851fc4c6
9db242c7-52ae-47c7-9676-5abc44fad423,0e088a65-0119-3de2-a430-8bc5851fc4c6
762d2e98-33e0-4a72-bcc6-7bc857acb875,0e088a65-0119-3de2-a430-8bc5851fc4c6
ad742346-8897-49e9-a50b-308b83911dbc,0eff296c-f1a5-31ab-a9e3-b9ebb35ba8b5
9ecc8538-dcf5-46ae-8ab1-7f0ed9a975d1,591ac177-c896-487a-ac33-92539b2c31fe
6e4be0e1-914e-4db9-812b-4a8c6630a195,349543f6-0bc5-325c-978c-033d51ab54c7
e9706841-c113-4ada-83a8-aebf1f1b0d38,
ae6a153d-4883-4d26-ac7c-680e89df3d7e,
26aa30f9-0039-4b59-b8fd-72b682b5df57,
9aaa1ab4-c7f1-4c36-bb0c-6fb10926f781,56fb90cf-c6d0-369c-89c4-4bd1df9d0f60
c2083069-0c93-446d-86c0-f275828c118b,56fb90cf-c6d0-369c-89c4-4bd1df9d0f60
801bd808-d19b-4e6b-aea9-6d83c57d26b1,56fb90cf-c6d0-369c-89c4-4bd1df9d0f60
1e467061-37b0-47a1-97b1-fd7fed4409eb,56fb90cf-c6d0-369c-89c4-4bd1df9d0f60
e4673110-4173-481e-97ab-3cacbcd69a15,56fb90cf-c6d0-369c-89c4-4bd1df9d0f60
168c1e73-d3af-4294-a7e7-ef5be41d7db2,56fb90cf-c6d0-369c-89c4-4bd1df9d0f60
e74cefd5-bab4-49fd-9c95-f8eae01abba9,56fb90cf-c6d0-369c-89c4-4bd1df9d0f60
2abb2a77-5e90-41b3-aea9-33ae67056457,56fb90cf-c6d0-369c-89c4-4bd1df9d0f60
4e4aeb8a-99e0-47bd-8e9a-b97089fe8476,56fb90cf-c6d0-369c-89c4-4bd1df9d0f60
7a29a072-f748-4691-a89a-2759586243df,56fb90cf-c6d0-369c-89c4-4bd1df9d0f60
3c39f3a4-55aa-4549-adad-706c8b3caa3b,56fb90cf-c6d0-369c-89c4-4bd1df9d0f60
dce571f5-31cd-4d2f-a080-54f8eb9889d5,56fb90cf-c6d0-369c-89c4-4bd1df9d0f60
c582566b-a2a3-485f-9990-cb4597e8c71b,56fb90cf-c6d0-369c-89c4-4bd1df9d0f60
7b3bdf9e-4c32-4e36-bd33-e698a38bd1e6,001cbb72-781e-3da4-98c9-9c9ca288a156
ee2244dc-42c4-4041-b1dd-4a69f9a3dc63,001cbb72-781e-3da4-98c9-9c9ca288a156
801d6dec-2af9-44dd-8c94-4b2c85accc87,001cbb72-781e-3da4-98c9-9c9ca288a156
c2398df2-113d-46dc-9fef-a8887ed09ecf,001cbb72-781e-3da4-98c9-9c9ca288a156
148500c3-cf87-4962-b62d-4a94c9664d7a,56fb90cf-c6d0-369c-89c4-4bd1df9d0f60
42b44658-aa7e-4c73-ae6a-10fd1519bf3e,56fb90cf-c6d0-369c-89c4-4bd1df9d0f60
c9355298-2c45-40fb-b197-513f996f9980,56fb90cf-c6d0-369c-89c4-4bd1df9d0f60
4d0b2ebc-4847-46d9-9c01-36684cf3c47d,56fb90cf-c6d0-369c-89c4-4bd1df9d0f60
86b5c6d7-e03b-4d51-bb3f-eb5c7bcfd7ba,56fb90cf-c6d0-369c-89c4-4bd1df9d0f60
8c4b3479-64c2-491c-9e2d-c00a9e89aca1,56fb90cf-c6d0-369c-89c4-4bd1df9d0f60
5bee3979-0348-4fc9-8d8e-9b4e4b51c87a,56fb90cf-c6d0-369c-89c4-4bd1df9d0f60
741a4668-3e3d-4bb2-ad91-20d75bb547cf,001cbb72-781e-3da4-98c9-9c9ca288a156
452c80d0-9878-466b-94c9-91bf23aabaa8,001cbb72-781e-3da4-98c9-9c9ca288a156
03b5f541-2cf8-4f53-8db6-64adabc6959b,001cbb72-781e-3da4-98c9-9c9ca288a156
64334be0-3a14-49bf-9605-2fad23fdf67a,001cbb72-781e-3da4-98c9-9c9ca288a156
39a8937e-a2db-4e20-a264-36bcf2e9991a,001cbb72-781e-3da4-98c9-9c9ca288a156
b80886a2-7e47-43f2-9579-412b8ab6420f,001cbb72-781e-3da4-98c9-9c9ca288a156
ed248009-a739-403a-942b-fb48995702e2,001cbb72-781e-3da4-98c9-9c9ca288a156
2ba548ea-4e82-4069-8180-9c02897a1872,001cbb72-781e-3da4-98c9-9c9ca288a156
074c133b-479f-4023-95bc-e6e010d7352e,cb0fd6de-f676-3649-9744-4603d0f80c7d
254353e3-3e35-456f-94bc-51f7ff474c27,56fb90cf-c6d0-369c-89c4-4bd1df9d0f60
73c083ac-3db7-4afc-9706-2384272dc48d,56fb90cf-c6d0-369c-89c4-4bd1df9d0f60
bdf635a3-e5b4-4601-9de6-cf2ceb640047,56fb90cf-c6d0-369c-89c4-4bd1df9d0f60
5a3e6a3f-1d99-4e5c-8ddb-10c8f4dc6948,56fb90cf-c6d0-369c-89c4-4bd1df9d0f60
083c8613-5408-4adc-8aee-97fa851006d5,56fb90cf-c6d0-369c-89c4-4bd1df9d0f60
d31919d3-de7a-4a7a-9ad5-71525d3647d7,56fb90cf-c6d0-369c-89c4-4bd1df9d0f60
69ea7fdf-bc86-4a01-b77d-a48264c4cc6d,56fb90cf-c6d0-369c-89c4-4bd1df9d0f60
979a47e2-c90f-4776-9c31-ce18195f1958,56fb90cf-c6d0-369c-89c4-4bd1df9d0f60
e833ebb2-85ba-4b45-94d1-28e5aa14cbb2,56fb90cf-c6d0-369c-89c4-4bd1df9d0f60
c9127a8a-b8ee-4069-a7d8-447e48c4fa80,56fb90cf-c6d0-369c-89c4-4bd1df9d0f60
b6bf1139-3783-41b3-921c-60965ec36a49,56fb90cf-c6d0-369c-89c4-4bd1df9d0f60
50164aea-9bd2-4562-ba53-4637c2a4d575,56fb90cf-c6d0-369c-89c4-4bd1df9d0f60
04812441-acf3-4f2e-96c8-45a815052d79,56fb90cf-c6d0-369c-89c4-4bd1df9d0f60
f7a5369a-fa91-49e9-8953-a9a7c49f35cd,56fb90cf-c6d0-369c-89c4-4bd1df9d0f60
28aa3c1e-e220-4577-b3bd-c66f63444173,001cbb72-781e-3da4-98c9-9c9ca288a156
e8226eeb-3992-4bdf-87b0-d4db03d30846,001cbb72-781e-3da4-98c9-9c9ca288a156
7b60139f-10e4-4d22-a392-7ffac6e21967,001cbb72-781e-3da4-98c9-9c9ca288a156
2a85d796-982e-401c-8475-ead329b73269,001cbb72-781e-3da4-98c9-9c9ca288a156
6b808f33-480e-4613-9e7a-f7b55cb6e0e3,56fb90cf-c6d0-369c-89c4-4bd1df9d0f60
dbda1266-1051-4353-8a24-e9dfeb813bef,56fb90cf-c6d0-369c-89c4-4bd1df9d0f60
04be0e54-15d0-47af-ba59-05499940acb6,56fb90cf-c6d0-369c-89c4-4bd1df9d0f60
50c87aed-80d4-4020-bf05-61fb0723b197,56fb90cf-c6d0-369c-89c4-4bd1df9d0f60
3f8a870f-52e7-4da5-80ed-1418eb962eb6,56fb90cf-c6d0-369c-89c4-4bd1df9d0f60
752e7d56-86aa-4be6-aa4e-21ff0174bf63,56fb90cf-c6d0-369c-89c4-4bd1df9d0f60
57c4baa0-4295-43d7-a19c-90219db785d3,56fb90cf-c6d0-369c-89c4-4bd1df9d0f60
1bcd48f4-70c8-4e63-af71-84c597193424,001cbb72-781e-3da4-98c9-9c9ca288a156
84aa0e05-26be-4afb-8530-f7d67fdf6e91,001cbb72-781e-3da4-98c9-9c9ca288a156
3ba9fcd8-16c5-4bf9-b730-b4157b3a09c3,001cbb72-781e-3da4-98c9-9c9ca288a156
210ad39c-ced4-4166-ac44-1b8102c279ae,bc0fe583-63b5-40e7-aa0d-74dbb10e1551
00eb2dda-75c6-4f68-80db-3a27e3afd8c8,9c2e5d5d-dfe2-371d-8653-b1e2671c6a1c
0d806802-fb7c-495c-b25d-fe33be4f1fa6,9c2e5d5d-dfe2-371d-8653-b1e2671c6a1c
13e8cbda-ffd6-4622-882a-d268c9a329dc,9c2e5d5d-dfe2-371d-8653-b1e2671c6a1c
5eb792d7-e531-4dc0-bf9b-990c8c412284,9c2e5d5d-dfe2-371d-8653-b1e2671c6a1c
495a5259-efc3-4757-85c8-4004bfe188e7,9c2e5d5d-dfe2-371d-8653-b1e2671c6a1c
cf3319d4-0ea9-4ec5-8ba1-ec22da1b27c7,9c2e5d5d-dfe2-371d-8653-b1e2671c6a1c
f7b7b05e-f6df-44ec-ac66-b57a2911eff2,9c2e5d5d-dfe2-371d-8653-b1e2671c6a1c
e89b055b-bf83-4ca5-80df-419a23518acb,9c2e5d5d-dfe2-371d-8653-b1e2671c6a1c
b0eb4a5b-cc06-414e-bc77-93d35cea1daf,9c2e5d5d-dfe2-371d-8653-b1e2671c6a1c
45a3a482-5f8e-46b8-8f38-fd732b65c190,9c2e5d5d-dfe2-371d-8653-b1e2671c6a1c
73260c94-89c9-4745-9df0-bced8524c2b6,a0084ee9-ba77-3fc3-bb01-e44871ea4c43
732fca49-4c3b-4fbc-87b3-a78e1a771f8a,a0084ee9-ba77-3fc3-bb01-e44871ea4c43
7fd8c523-bfd7-4a12-a3a7-cc2fb5563521,a0084ee9-ba77-3fc3-bb01-e44871ea4c43
ca4c95d7-8822-4ba9-9c74-55bee0249399,a0084ee9-ba77-3fc3-bb01-e44871ea4c43
2dad913f-0e8f-4b45-bc96-f3b730b5dd60,33385655-79dc-33a6-ada3-c3e13d3aa43a
d716d759-6637-4a3f-aa8c-7e1720b83f2a,a0084ee9-ba77-3fc3-bb01-e44871ea4c43
b9cbe2f1-c75f-441d-9f39-bce572d11b27,a0084ee9-ba77-3fc3-bb01-e44871ea4c43
d7dcff62-a78d-48f5-bd19-0ac646f57e62,3dc9b721-3a63-305d-8195-14fa743c082e
b9cbe2f1-c75f-441d-9f39-bce572d11b27,3dc9b721-3a63-305d-8195-14fa743c082e
7eb526bb-fc32-460d-9ff0-19a81dd4da58,3dc9b721-3a63-305d-8195-14fa743c082e
d6722e47-4be8-499f-aa74-b911dcbf0edf,a0084ee9-ba77-3fc3-bb01-e44871ea4c43
d7dcff62-a78d-48f5-bd19-0ac646f57e62,a0084ee9-ba77-3fc3-bb01-e44871ea4c43
10fe78b5-3fd6-46bc-b4f7-44248c30a291,a0084ee9-ba77-3fc3-bb01-e44871ea4c43
2e4b38e9-41fb-444a-ae1b-e357489aba19,a0084ee9-ba77-3fc3-bb01-e44871ea4c43
1cd52e83-0ccf-452e-84dc-072066bd3ef0,3dc9b721-3a63-305d-8195-14fa743c082e
7fd8c523-bfd7-4a12-a3a7-cc2fb5563521,3dc9b721-3a63-305d-8195-14fa743c082e
82340f7b-ceba-43c2-ba15-373ded471747,51fb870d-d774-4ae6-a046-b526e51c3127
e9b18774-d699-4f4b-9b73-cabd33cc4304,51fb870d-d774-4ae6-a046-b526e51c3127
60bb58c2-cc65-4187-9a3d-855360cef5bd,51fb870d-d774-4ae6-a046-b526e51c3127
8212a866-8700-45af-9d9e-51a5d31b521c,51fb870d-d774-4ae6-a046-b526e51c3127
60bb58c2-cc65-4187-9a3d-855360cef5bd,384a1471-b6eb-42ad-8ae1-4623c8812629
8212a866-8700-45af-9d9e-51a5d31b521c,384a1471-b6eb-42ad-8ae1-4623c8812629
e4534472-3ae1-452b-98a4-766c33de3a21,51fb870d-d774-4ae6-a046-b526e51c3127
943d4742-ba89-41e8-8686-3ea9fbe42a8a,51fb870d-d774-4ae6-a046-b526e51c3127
b1f9745b-5141-4af6-91e9-13ccccbcddd2,51fb870d-d774-4ae6-a046-b526e51c3127
13631bee-1e10-47bf-98cb-ebc90f6a9355,51fb870d-d774-4ae6-a046-b526e51c3127
c531f1de-9d5c-4204-a2ce-a99a79484822,51fb870d-d774-4ae6-a046-b526e51c3127
ad068138-f34a-4793-bdf9-42461206150c,51fb870d-d774-4ae6-a046-b526e51c3127
1a083c1e-ded3-469a-886f-566ef151695c,51fb870d-d774-4ae6-a046-b526e51c3127
1a083c1e-ded3-469a-886f-566ef151695c,384a1471-b6eb-42ad-8ae1-4623c8812629
1a083c1e-ded3-469a-886f-566ef151695c,58055ad8-7f0d-478a-9cb0-ad13a2b92ac3
90602ae1-f2ea-4a85-b12f-31d6c9b0bb59,36614bcf-f2d6-326e-8a43-5ac066d7fdb6
ff51f6c4-c0df-4fdf-a8d7-daa457ff5b54,c3e0cc6a-0d19-4344-8987-43cdda530c75
aeb1dd0e-36d4-4c96-aac7-fa7a5c5598e4,c3e0cc6a-0d19-4344-8987-43cdda530c75
27437ac8-565d-4081-982a-f259cdf7eada,c3e0cc6a-0d19-4344-8987-43cdda530c75
a2df3e23-37be-42c5-917d-8a94ba2b5f27,c3e0cc6a-0d19-4344-8987-43cdda530c75
5d50a724-9abb-4fc5-879c-e4b885bc969c,c3e0cc6a-0d19-4344-8987-43cdda530c75
f61a2308-d0c2-405e-b0eb-1f5704b1194e,c3e0cc6a-0d19-4344-8987-43cdda530c75
440f2546-f46d-4112-bfcf-0c39ad12a814,c3e0cc6a-0d19-4344-8987-43cdda530c75
4c7e254a-4a57-4fb3-bbf5-e50f0ef348c5,981258e9-8eb5-425f-a383-2b51f9b356a8
48e7db28-a5df-4516-9756-93c6e6c41b75,981258e9-8eb5-425f-a383-2b51f9b356a8
325118a0-1573-4cd8-9e1a-a27ce9ddb186,981258e9-8eb5-425f-a383-2b51f9b356a8
be44636c-2b1c-49dd-8008-f3f4a0c6ff33,981258e9-8eb5-425f-a383-2b51f9b356a8
becf2624-cbe8-44f0-91f7-fd26459b0866,981258e9-8eb5-425f-a383-2b51f9b356a8
5e1f3f3c-9f68-429f-8833-02ea2d550dd7,981258e9-8eb5-425f-a383-2b51f9b356a8
50c9f24b-77e4-49d5-821c-c7c0505abe07,981258e9-8eb5-425f-a383-2b51f9b356a8
132d13f4-9996-4fe8-bbd0-b66a2f080c8e,c3e0cc6a-0d19-4344-8987-43cdda530c75
960b67fa-809f-4d12-9b24-10e5b07415d9,981258e9-8eb5-425f-a383-2b51f9b356a8
af4c2f2e-eb3d-42dc-a3b6-8ab74ef9e294,981258e9-8eb5-425f-a383-2b51f9b356a8
83c25b14-53f6-4bf8-9ffd-5c607fa2db89,c3e0cc6a-0d19-4344-8987-43cdda530c75
a1ccb856-d056-4133-99bd-153f32b5359a,c3e0cc6a-0d19-4344-8987-43cdda530c75
e613883a-a21a-43ff-bfc8-b548ce89853f,c3e0cc6a-0d19-4344-8987-43cdda530c75
0f7b7286-8982-4cba-8174-561ccda6fb02,c3e0cc6a-0d19-4344-8987-43cdda530c75
00622148-c8d8-4de6-84c8-9d22af4a4271,c3e0cc6a-0d19-4344-8987-43cdda530c75
12309021-3d2f-4f65-9452-acfab153f3b3,981258e9-8eb5-425f-a383-2b51f9b356a8
c9eeed04-cdcb-4248-9390-a8f32b98fdba,290c4b74-45c1-3c13-9e68-2c20b151e08f
465d323f-a2fd-4d2f-9003-2fa8479b859b,b68bc1be-cdf2-3ed0-a12e-e120b96b9bc3
93a486c6-e198-4826-a2d1-a32464e6c18f,f5054e73-55e5-317e-b43d-1878b6990ce2
0dc57f97-49d9-4d39-811e-1c8f669445da,4fd4f481-3b4e-4d8e-9235-458d120e01da
ee298b08-0f6e-4a5c-baaf-a83974a4bead,49686d71-92c3-358c-ab7b-6bdc5b693c4d
794902ab-e3b5-4bd1-89b3-817a18e32050,4d5cd0f3-1fa9-4670-a1ee-bc8cf9fd57fa
0dc57f97-49d9-4d39-811e-1c8f669445da,4fb71e29-a3a3-4571-9c8d-1a1fa847131c
82e3c130-ec3f-4ece-a7a4-9fbd31dbd5a0,1e2698a2-f4da-4ead-95d0-e5720a84b910
4eb679dd-0d64-42fb-b309-81ea1ed54e20,03f58db9-ebb4-4dd7-8571-7f0485e87a41
a1bdb513-21db-4a9c-b012-ffac3db55dcb,62f8a1f3-f1b4-49d1-8564-ce6464d9ac71
82e3c130-ec3f-4ece-a7a4-9fbd31dbd5a0,62f8a1f3-f1b4-49d1-8564-ce6464d9ac71
642bff4e-7394-486a-9e1f-cf6f7033910f,1e2698a2-f4da-4ead-95d0-e5720a84b910
7e1456aa-e247-4aca-b074-5f85294e3a2c,6856c4ca-9cac-43c7-a13a-4106f364ecd6
642bff4e-7394-486a-9e1f-cf6f7033910f,c7293815-2ab5-4d90-b838-ea822d253371
9cd0851e-04c8-436c-bde5-e4934974920f,415d8d17-34e1-48b9-957e-47902c766f97
36519c2e-7b88-4ed3-9071-4ba405b838c7,415d8d17-34e1-48b9-957e-47902c766f97
40983eec-ad57-42ea-9ef7-12c6d281a9f6,415d8d17-34e1-48b9-957e-47902c766f97
ca8b27e9-9362-4b1b-9615-e6d87a016c57,415d8d17-34e1-48b9-957e-47902c766f97
3d7813a3-19b4-40d4-88e0-d88921da03a1,415d8d17-34e1-48b9-957e-47902c766f97
4bbaf56d-4b19-413f-b342-c4919104877d,415d8d17-34e1-48b9-957e-47902c766f97
8b46372e-8ce6-4eda-8a7c-ebc0aba4bae9,415d8d17-34e1-48b9-957e-47902c766f97
88260157-366a-4a48-9c2c-4792eff6ebba,415d8d17-34e1-48b9-957e-47902c766f97
cd502658-ce61-43c8-ad77-00b657858aff,415d8d17-34e1-48b9-957e-47902c766f97
52368df5-6890-4140-b874-f72092d642f1,415d8d17-34e1-48b9-957e-47902c766f97
65a485df-8962-458c-972e-0e919201eea7,415d8d17-34e1-48b9-957e-47902c766f97
98e4acb1-37d4-4f34-89c1-240995ba035d,415d8d17-34e1-48b9-957e-47902c766f97
23c91ac5-7e56-4284-9e33-ebc38bc844c5,00d17094-fe9f-4de4-942d-ea0a82f0b8df
2858c7a2-e780-4677-b586-3add296b2180,00d17094-fe9f-4de4-942d-ea0a82f0b8df
ea088a46-73a9-4a29-9db0-b1581a446f51,948bf129-0e27-3839-981b-f7936adaccd0
6f540953-6d6a-43d7-b4aa-164ace8bb175,00d17094-fe9f-4de4-942d-ea0a82f0b8df
44cca18f-b253-44b6-bb4f-f9392a60d84e,b3d6fc1b-903a-4489-9aa6-b8b12a251b40
8b46372e-8ce6-4eda-8a7c-ebc0aba4bae9,b3d6fc1b-903a-4489-9aa6-b8b12a251b40
52368df5-6890-4140-b874-f72092d642f1,b3d6fc1b-903a-4489-9aa6-b8b12a251b40
1a5ce6e6-875b-42ae-82f4-309b79a6234c,b3d6fc1b-903a-4489-9aa6-b8b12a251b40
2b5c2ff2-1167-4738-9b21-9993b989e9e6,b3d6fc1b-903a-4489-9aa6-b8b12a251b40
bf286128-585c-452c-9c9b-d3858dfb9567,b3d6fc1b-903a-4489-9aa6-b8b12a251b40
91e30843-e2e7-4b73-92a4-723ac59e8300,1155bfca-eefb-392b-9e37-b2da77da7cb8
6f540953-6d6a-43d7-b4aa-164ace8bb175,5c0ec9d7-6a63-4385-ad19-0e069f21c7a8
23c91ac5-7e56-4284-9e33-ebc38bc844c5,5c0ec9d7-6a63-4385-ad19-0e069f21c7a8
2858c7a2-e780-4677-b586-3add296b2180,5c0ec9d7-6a63-4385-ad19-0e069f21c7a8
4a844f10-e8a5-4f9a-b144-58c254351f77,adbe232d-6fea-4ed1-97af-df05de8e78fa
593f458c-2de8-4e31-a062-77779a22ae0e,08e5428c-1ad5-3956-b82e-22587a72ea30
b32d96ce-4ba8-419a-be75-cd7a75c9e6fa,08e5428c-1ad5-3956-b82e-22587a72ea30
baa2af23-9f8b-4274-9ced-04b8077ae0e1,08e5428c-1ad5-3956-b82e-22587a72ea30
a61780fd-1cf2-4f5b-abf1-9331dc5c1c58,08e5428c-1ad5-3956-b82e-22587a72ea30
4a413e1d-e4ac-4b88-bb35-2558594c9c1c,08e5428c-1ad5-3956-b82e-22587a72ea30
98cdfa14-f7a2-458a-80b5-4f483997e195,08e5428c-1ad5-3956-b82e-22587a72ea30
ee885d1c-4e60-405e-ade5-a25bf35653bd,08e5428c-1ad5-3956-b82e-22587a72ea30
ae91e395-e1cc-4b10-8105-d4e02c4476f6,08e5428c-1ad5-3956-b82e-22587a72ea30
ba4f3475-aeea-4fd6-8010-5ec4ea228e5d,08e5428c-1ad5-3956-b82e-22587a72ea30
b2c76c42-d5f3-4b1e-bdc6-0f0c65f01524,08e5428c-1ad5-3956-b82e-22587a72ea30
78c0420d-afa3-4e66-850a-8997d644d054,08e5428c-1ad5-3956-b82e-22587a72ea30
9e5b3fe9-234f-43fd-ad9a-75b1f03704b2,08e5428c-1ad5-3956-b82e-22587a72ea30
e2243f02-1150-4337-9f19-3d2fc3cce1e1,55934596-9401-372a-ad52-1b3f91d9b02e
de329818-ab4c-429a-bc97-e64943c4bb91,55934596-9401-372a-ad52-1b3f91d9b02e
f48d7143-93a0-4082-9030-11a7a6707a6d,55934596-9401-372a-ad52-1b3f91d9b02e
71d241ca-d98e-495e-9b91-27076fb51f0c,55934596-9401-372a-ad52-1b3f91d9b02e
86b4a2c5-b236-4e00-ad0e-3b57f8bd18a0,55934596-9401-372a-ad52-1b3f91d9b02e
5b39dfc7-1f18-4f68-85c3-6e52cea9dee1,55934596-9401-372a-ad52-1b3f91d9b02e
5c088e41-66f0-42d9-88f9-946b4ee34f37,55934596-9401-372a-ad52-1b3f91d9b02e
d6154788-3c07-4d4e-9fd6-f17de7208b12,55934596-9401-372a-ad52-1b3f91d9b02e
44cf3b8b-0a06-4e42-97b8-185c73d30d15,55934596-9401-372a-ad52-1b3f91d9b02e
44b35205-5c44-4fcd-bf2c-9d6c21752610,55934596-9401-372a-ad52-1b3f91d9b02e
d6154788-3c07-4d4e-9fd6-f17de7208b12,9799c18f-1e47-3316-aad9-e35ead02fd9a
f8a17de2-568d-4a21-89f1-405e7e3d77d7,55934596-9401-372a-ad52-1b3f91d9b02e
f254330f-cd3f-490e-91b2-c1a4b9fd33ac,55934596-9401-372a-ad52-1b3f91d9b02e
490b3e4e-e2dc-46e5-a5c2-5263cf99f69c,55934596-9401-372a-ad52-1b3f91d9b02e
f254330f-cd3f-490e-91b2-c1a4b9fd33ac,53e23267-5dd2-3285-b1ec-a89b81916422
490b3e4e-e2dc-46e5-a5c2-5263cf99f69c,6c83237e-f9e1-381f-a30a-201f400d1a2b
490b3e4e-e2dc-46e5-a5c2-5263cf99f69c,b81fa2d2-b6b7-4304-abe9-638509d1f265
490b3e4e-e2dc-46e5-a5c2-5263cf99f69c,0f413dc2-d1e2-4910-82f7-b8ebda9ac18f
490b3e4e-e2dc-46e5-a5c2-5263cf99f69c,008b1e5d-51e7-3c72-adb4-96a67e7c994e
490b3e4e-e2dc-46e5-a5c2-5263cf99f69c,60bd2016-3eac-3e99-aead-e03e09fd09f0
dded3828-d701-411f-985f-7c12412a515e,49686d71-92c3-358c-ab7b-6bdc5b693c4d
bdc53895-16a4-4031-b422-201a9b61529b,829ad2cd-4627-3348-8be3-049e6100659f
8009db40-e325-4c1b-9856-e3cbfbd2c934,4a015561-2d12-3760-bb85-a63d6af76785
527f985f-eada-4573-8a89-93c06846ea94,4a015561-2d12-3760-bb85-a63d6af76785
3e2cdac2-a196-4fbd-b882-eebbb3293fd8,4a015561-2d12-3760-bb85-a63d6af76785
75457340-3dfa-48be-b208-2e6682c0c21e,4a015561-2d12-3760-bb85-a63d6af76785
e6a5f44a-3d5d-4c42-8222-e09af7702a3e,4a015561-2d12-3760-bb85-a63d6af76785
a3ca413f-a3f5-4f1a-8dbe-57830e05df90,4a015561-2d12-3760-bb85-a63d6af76785
b327d669-f0f3-47e4-8cc4-37011638465b,4a015561-2d12-3760-bb85-a63d6af76785
b58e2b0a-9896-4d13-82b4-56869d6d061f,4a015561-2d12-3760-bb85-a63d6af76785
49f3d53d-e8e0-48bf-bfc5-02d080c8c137,4a015561-2d12-3760-bb85-a63d6af76785
4f39c3e0-2e3c-4b3e-b162-36898a91dac0,4a015561-2d12-3760-bb85-a63d6af76785
e337c7fc-4df8-459b-8a3b-a569efcb9223,4a015561-2d12-3760-bb85-a63d6af76785
ece12ee5-fd0d-4fa4-bd50-9298d78fc2da,77738175-4532-458e-a8bb-a3181b858d62
6e57c096-9e43-4316-8468-1479260990df,77738175-4532-458e-a8bb-a3181b858d62
e74e56a3-b151-4fd8-8d0d-c964592ae8ac,77738175-4532-458e-a8bb-a3181b858d62
af9751b0-50a1-49d9-a8f0-e2bcd4d40697,77738175-4532-458e-a8bb-a3181b858d62
e560c4b7-f745-4564-bd72-5e6ccbe8bc0e,77738175-4532-458e-a8bb-a3181b858d62
437827dc-3749-4602-952c-cfd5d404c04e,77738175-4532-458e-a8bb-a3181b858d62
8a50d381-309d-4985-a7c5-f1441cc5753e,77738175-4532-458e-a8bb-a3181b858d62
239ca4aa-6528-4b5d-a0d8-dbcbd24c9d97,398bfd3f-02a5-3cd8-8379-3490b0fc102d
debee3f6-f9b2-4b87-a40b-044eff66a854,398bfd3f-02a5-3cd8-8379-3490b0fc102d
a15c3f4c-fbb0-4eb6-91fc-516cb56c542e,398bfd3f-02a5-3cd8-8379-3490b0fc102d
6e57c096-9e43-4316-8468-1479260990df,a15053d0-23cc-309e-94bf-98a927d6e5f5
91b8ea55-3df7-4bc5-8cf9-0dc74c846c68,a15053d0-23cc-309e-94bf-98a927d6e5f5
3d04a88e-5781-4106-963f-2c4a57a85fae,a15053d0-23cc-309e-94bf-98a927d6e5f5
8af13c8f-d346-4323-aeea-0e1e990ccc0d,a15053d0-23cc-309e-94bf-98a927d6e5f5
8b8464bd-eff1-4dd5-8b7a-1c6000df3660,4a6fe5e3-be39-3a2f-8260-d1f1a3daa15a
9ae27cf6-e955-46d5-a242-c8190bca0aef,4a6fe5e3-be39-3a2f-8260-d1f1a3daa15a
f2a0db70-c93f-45da-bcfc-f6350a578a23,4a6fe5e3-be39-3a2f-8260-d1f1a3daa15a
63274550-bb08-45a6-9212-23b501c17db3,4a6fe5e3-be39-3a2f-8260-d1f1a3daa15a
9172c55a-90d8-4d51-8694-492d1dad6161,bc310716-7785-3bff-91a1-9ed77af78e1f
13ec1cd8-b3a3-4613-8c04-f9172909b915,bc310716-7785-3bff-91a1-9ed77af78e1f
3075a9d0-6fd0-4c69-b38c-b6b5f5b592d0,bc310716-7785-3bff-91a1-9ed77af78e1f
44880373-a01e-4199-bfa5-80cc554295cb,bc310716-7785-3bff-91a1-9ed77af78e1f
4b25c893-d29b-4b92-9dde-94feafe8919d,bc310716-7785-3bff-91a1-9ed77af78e1f
3d31a2b5-de5c-4569-abb0-75c40fd1cb3e,bc310716-7785-3bff-91a1-9ed77af78e1f
4ecc098c-0ee0-40aa-a308-04f3eabdb5fb,1cf3f52f-22f3-36b0-b3f9-bbd779205f12
0756a2c1-4b56-400e-b2cf-fd49e1d0f562,1cf3f52f-22f3-36b0-b3f9-bbd779205f12
35fc69d5-002d-474b-a5c3-780bfc508f18,1cf3f52f-22f3-36b0-b3f9-bbd779205f12
de7eaf95-f217-4849-ac04-a9580450102f,8ef6f567-f191-34dd-8067-282292d77cfe
bad17ae6-2e60-401a-b9cc-fcbe832550ac,8ef6f567-f191-34dd-8067-282292d77cfe
bad17ae6-2e60-401a-b9cc-fcbe832550ac,87b0c514-eb8e-34d2-9bdf-bf6af25aff39
6e57c096-9e43-4316-8468-1479260990df,7fb4a084-74f4-3560-86ee-a2b1dcce8376
e1e89655-0aef-448d-86e4-de8d7e1524d8,c0ff25e9-8001-41f8-a504-f2fa66ee38ae
8e5d2135-48f0-47e3-a188-aeea3c6a9d12,c0ff25e9-8001-41f8-a504-f2fa66ee38ae
96f75a16-9cd7-4ee7-ace1-525e45797ab5,c0ff25e9-8001-41f8-a504-f2fa66ee38ae
2e32f254-30ff-422f-8d1d-ff9a55b5d6b9,c0ff25e9-8001-41f8-a504-f2fa66ee38ae
9ae27cf6-e955-46d5-a242-c8190bca0aef,4ff9a453-4f47-4d67-921f-eda2ee3e26b7
bae1b8fe-e199-4b2e-a25b-3e740bb42d14,398bfd3f-02a5-3cd8-8379-3490b0fc102d
cf3e9bb8-f6ac-489d-91ac-76d933cf3a27,398bfd3f-02a5-3cd8-8379-3490b0fc102d
d6b0b49a-84c1-4d4b-9fef-53d8e793bf7b,a15053d0-23cc-309e-94bf-98a927d6e5f5
48ac0c87-44ac-4fab-9913-b21cd4692b54,a15053d0-23cc-309e-94bf-98a927d6e5f5
e74e56a3-b151-4fd8-8d0d-c964592ae8ac,a15053d0-23cc-309e-94bf-98a927d6e5f5
00022b16-7de6-4fc0-a8d9-dd072d74acbe,4a6fe5e3-be39-3a2f-8260-d1f1a3daa15a
ea8d7fd2-f111-43b7-8caf-e3f05d89d9b0,4a6fe5e3-be39-3a2f-8260-d1f1a3daa15a
ecbd1de4-760b-425b-9cf9-4878340ba0d0,4a6fe5e3-be39-3a2f-8260-d1f1a3daa15a
9cc9443a-d24b-41e8-8e14-f8c78801fe89,bc310716-7785-3bff-91a1-9ed77af78e1f
29037c45-52a0-4efe-89aa-0df20ae8a845,bc310716-7785-3bff-91a1-9ed77af78e1f
11049a38-9e61-459e-b03b-dfd38272a71f,bc310716-7785-3bff-91a1-9ed77af78e1f
9c7c2a4a-b2c4-4758-b5c9-af2c42b8be6f,bc310716-7785-3bff-91a1-9ed77af78e1f
6ee58a6f-e87b-4cc9-9988-868b7e7a6287,bc310716-7785-3bff-91a1-9ed77af78e1f
2c288fa8-1d78-4dac-9b95-ee72cffee284,bc310716-7785-3bff-91a1-9ed77af78e1f
031cef7f-c176-4921-93dc-c1d9423f3a00,1cf3f52f-22f3-36b0-b3f9-bbd779205f12
d6b0b49a-84c1-4d4b-9fef-53d8e793bf7b,10364be1-9baf-36fc-b206-d5416d128488
2bb8bf9b-4c52-4854-a3fb-3a2ec3e548b4,8ef6f567-f191-34dd-8067-282292d77cfe
2681e18f-4f6b-4905-9cac-72c8331c9008,73544eeb-6e62-3c98-bd52-d20b949e19ce
d6b0b49a-84c1-4d4b-9fef-53d8e793bf7b,77738175-4532-458e-a8bb-a3181b858d62
68d7fbd6-b739-4087-af53-355c65416000,c0ff25e9-8001-41f8-a504-f2fa66ee38ae
0cec5570-49db-45c2-8dce-edc0563aed5f,398bfd3f-02a5-3cd8-8379-3490b0fc102d
e1bf64c3-46b5-447e-800b-9254873936a4,398bfd3f-02a5-3cd8-8379-3490b0fc102d
582849d3-f070-4f02-8ed4-d1bbce4de696,398bfd3f-02a5-3cd8-8379-3490b0fc102d
cff7e26e-f78f-4a3e-8710-e69ec72273e4,a15053d0-23cc-309e-94bf-98a927d6e5f5
5d408980-2374-4ca2-9188-0cd524304481,a15053d0-23cc-309e-94bf-98a927d6e5f5
cc36af72-7517-45b0-a5b0-c3cc3004daa4,a15053d0-23cc-309e-94bf-98a927d6e5f5
7efd86ba-6d19-487c-8437-9dbe1c8e24b3,a15053d0-23cc-309e-94bf-98a927d6e5f5
59354d0f-ee57-47ad-a5e6-510748943c22,a15053d0-23cc-309e-94bf-98a927d6e5f5
b74f17db-a30f-4c7e-87ac-ea90f7b9b6f1,4a6fe5e3-be39-3a2f-8260-d1f1a3daa15a
9d23e600-bdfe-44bf-a12e-9ef43f0c7aad,4a6fe5e3-be39-3a2f-8260-d1f1a3daa15a
442121c2-2ad5-475a-a179-fbdd9a32f049,4a6fe5e3-be39-3a2f-8260-d1f1a3daa15a
0a7920bd-19cd-4b76-b6c8-bc9d0abbeaec,bc310716-7785-3bff-91a1-9ed77af78e1f
c07c9afa-2397-4579-b9e8-803baea17f80,bc310716-7785-3bff-91a1-9ed77af78e1f
5654d528-9791-4b40-b9e6-1ec9b8f4b3fe,bc310716-7785-3bff-91a1-9ed77af78e1f
ad30004e-3059-47d1-a174-966379d42038,bc310716-7785-3bff-91a1-9ed77af78e1f
55b55e49-62d5-4d7a-8a90-41d1881483e3,bc310716-7785-3bff-91a1-9ed77af78e1f
e94ee4dd-131e-4546-b285-6e741c0566a3,bc310716-7785-3bff-91a1-9ed77af78e1f
863eb163-40c5-47a4-9749-e49d23b7ad64,1cf3f52f-22f3-36b0-b3f9-bbd779205f12
5d408980-2374-4ca2-9188-0cd524304481,cbd15fbb-8af6-3dca-9bf4-e353434da35b
dd023e2f-7f7e-4205-8f59-d0fba02c8a6b,8ef6f567-f191-34dd-8067-282292d77cfe
582849d3-f070-4f02-8ed4-d1bbce4de696,7fb4a084-74f4-3560-86ee-a2b1dcce8376
be4c5f26-e401-4fd4-842d-b7741bbf8c67,c0ff25e9-8001-41f8-a504-f2fa66ee38ae
c07c9afa-2397-4579-b9e8-803baea17f80,c0ff25e9-8001-41f8-a504-f2fa66ee38ae
437827dc-3749-4602-952c-cfd5d404c04e,398bfd3f-02a5-3cd8-8379-3490b0fc102d
af4a2f0a-b849-4871-a2e1-587037a52175,398bfd3f-02a5-3cd8-8379-3490b0fc102d
2aea9f7e-b27b-403b-832c-b0288260e5a6,398bfd3f-02a5-3cd8-8379-3490b0fc102d
1bc417de-5201-4dda-84ba-f5eea7bc93f9,398bfd3f-02a5-3cd8-8379-3490b0fc102d
2a3acaa1-a454-482d-a26f-533345f7ee6c,398bfd3f-02a5-3cd8-8379-3490b0fc102d
0a7920bd-19cd-4b76-b6c8-bc9d0abbeaec,4a6fe5e3-be39-3a2f-8260-d1f1a3daa15a
86bbc995-f856-4666-bbcf-e0a17c63ecee,4a6fe5e3-be39-3a2f-8260-d1f1a3daa15a
5e386bcc-cc1e-4840-8994-eeb2c9dc82da,4a6fe5e3-be39-3a2f-8260-d1f1a3daa15a
858b9dd1-ae98-4567-8ac1-414a3fa1df95,4a6fe5e3-be39-3a2f-8260-d1f1a3daa15a
4c5ed0a0-06fb-4b6b-b9e4-81666a89a77d,4a6fe5e3-be39-3a2f-8260-d1f1a3daa15a
2f24d0d3-024f-43ec-b0da-02819f469798,bc310716-7785-3bff-91a1-9ed77af78e1f
cdc268e5-ffd6-4a41-9fa1-b52ce875fcc5,1cf3f52f-22f3-36b0-b3f9-bbd779205f12
bfad638d-3285-4100-899b-b8fafe4a064f,1cf3f52f-22f3-36b0-b3f9-bbd779205f12
0ff85e14-6a18-428e-953f-4a0483090870,1cf3f52f-22f3-36b0-b3f9-bbd779205f12
af4a2f0a-b849-4871-a2e1-587037a52175,10364be1-9baf-36fc-b206-d5416d128488
437827dc-3749-4602-952c-cfd5d404c04e,12c13323-476f-38ac-87b1-db178b82d57f
bbe84e7b-5acb-403e-83d2-1b1511f0119d,8ef6f567-f191-34dd-8067-282292d77cfe
af2bb881-b401-48c9-9a3b-c8d3d10bcb87,8ef6f567-f191-34dd-8067-282292d77cfe
21017920-119c-4420-a7f9-8d58ddebbe3c,f362d38e-9e67-378e-b1b8-d7c9e2986c41
2cf345ff-bba3-4a23-8be7-a62913d6662b,7fb4a084-74f4-3560-86ee-a2b1dcce8376
9b2d6454-8aa4-461f-8b3f-fc95f56329ee,7fb4a084-74f4-3560-86ee-a2b1dcce8376
af9751b0-50a1-49d9-a8f0-e2bcd4d40697,c0ff25e9-8001-41f8-a504-f2fa66ee38ae
9b2d6454-8aa4-461f-8b3f-fc95f56329ee,c0ff25e9-8001-41f8-a504-f2fa66ee38ae
ece12ee5-fd0d-4fa4-bd50-9298d78fc2da,c0ff25e9-8001-41f8-a504-f2fa66ee38ae
5ba34597-4d20-43ab-a0c7-90de2da73a78,c0ff25e9-8001-41f8-a504-f2fa66ee38ae
d6b0b49a-84c1-4d4b-9fef-53d8e793bf7b,af00db58-fe44-3d67-b98f-fbcf376c2224
88a83ec1-4369-451a-a537-4fb8fcbfcca5,1e26d767-d74b-4971-9694-fb6088572025
ca1daac7-4eb4-4f16-b668-6862f2c8a19d,dd2565f0-ceb8-438a-bc34-82e77d2976a3
ca1daac7-4eb4-4f16-b668-6862f2c8a19d,5f08b13a-bd25-3e68-86aa-1a9db9bde886
ca1daac7-4eb4-4f16-b668-6862f2c8a19d,d83d3cb8-192a-33f5-a768-a84c9095ea4f
ae98eac1-8c12-4202-a902-d57b059ced63,f0ebb422-1b47-3a9b-996d-063cf09405db
dace4c0f-3478-4bfa-8e90-775a6e8f68ae,48775693-a475-309c-af90-ada63ff05687
dace4c0f-3478-4bfa-8e90-775a6e8f68ae,f3dc574a-a6c3-3a54-8af1-ac0b2a1a907f
dace4c0f-3478-4bfa-8e90-775a6e8f68ae,0e51f58e-3ddb-3ed3-9125-9a81c8ed7cb2
dace4c0f-3478-4bfa-8e90-775a6e8f68ae,5fe9c86e-7ce6-34c7-8333-eff3ec6067d7
dace4c0f-3478-4bfa-8e90-775a6e8f68ae,dfeeebe4-f805-3ae5-bb31-d0c23e44d190
dace4c0f-3478-4bfa-8e90-775a6e8f68ae,2fbed072-b1a2-3b81-b5b8-5a6bb406f9e0
2ad6d7fd-3c7c-490a-96e3-15191ffe46ac,4bf83f78-d4cc-384b-bc98-129f3f0bc7d9
6dac2acb-b604-487e-9834-b71a99842e65,d6d30d5d-f3f4-38ba-9b94-04b4e1206fa8
b71b4e93-c0b8-4ab6-8a78-353e13fb10bc,d6d30d5d-f3f4-38ba-9b94-04b4e1206fa8
4f777cc9-3ff2-4a32-9da4-c14333057539,d6d30d5d-f3f4-38ba-9b94-04b4e1206fa8
602e59ac-ef06-4681-8e03-8f2868b1bef8,0ed1da5a-f2db-4e37-8a74-ff133791771e
dcbaf2c2-f3b6-4849-b8f3-8016c589f6d8,4915e6a6-3406-3fed-bcd0-a3f5e1d3b17a
44d1556e-e7c0-4f87-bc13-5789d7ea8183,4db561de-da7c-3cdc-896a-a95d97040a59
44d1556e-e7c0-4f87-bc13-5789d7ea8183,795f0ceb-e995-3d1b-87db-b52934945d81
dace4c0f-3478-4bfa-8e90-775a6e8f68ae,06bfafd5-c84e-4c64-947a-35a97225b61e
db20104d-0015-4a84-aabf-393118030718,55ed8bab-cf5a-4b46-9ecc-d954bac0f2ff
17370b2e-6737-4ddc-9401-f4ccf0ce61b7,4a3fe287-d63f-4cdc-aa8f-8c3e8fcff97b
9ba257d7-fd83-4bb9-86ce-4f4a0520371d,42d5114c-507f-461f-901e-1f484187ff99
dace4c0f-3478-4bfa-8e90-775a6e8f68ae,431ff3ea-63ff-4157-85b8-4ce0cc51d6e5
c863113e-9c9b-426b-a5a0-bfd319e61175,88de7642-2fec-4dc5-929a-9efa62086947
b930ae56-00bc-4335-a0b2-c0f8b0108c88,f04d65c4-1239-33f4-bc90-3ed887a386eb
0de6e91b-261f-455e-be69-0459deb202ff,1a883048-2010-3e13-88dd-5f5e83005a0b
9eb2a529-4959-4909-b68e-a4c397fd097f,
b0feb2bd-c548-403d-88a0-3c158ab204b2,d3207263-511e-4c18-9620-063c67277f15
9eb2a529-4959-4909-b68e-a4c397fd097f,d3207263-511e-4c18-9620-063c67277f15
8c79ae48-627b-45a8-b4cb-7143f8132790,f04d65c4-1239-33f4-bc90-3ed887a386eb
117db11c-e768-4fef-86eb-4d2a7328f18c,f04d65c4-1239-33f4-bc90-3ed887a386eb
b0feb2bd-c548-403d-88a0-3c158ab204b2,1a883048-2010-3e13-88dd-5f5e83005a0b
24b1b9cf-a54f-4333-ad9b-223d14ada20f,
b0feb2bd-c548-403d-88a0-3c158ab204b2,
4b73b90b-24ce-4f15-a3d3-adb2b49e9687,
4b73b90b-24ce-4f15-a3d3-adb2b49e9687,90724656-673c-392b-bf48-58140cb9c8c0
7e2aea58-95da-40ba-9185-63f53525e533,f04d65c4-1239-33f4-bc90-3ed887a386eb
4b73b90b-24ce-4f15-a3d3-adb2b49e9687,1a883048-2010-3e13-88dd-5f5e83005a0b
4b73b90b-24ce-4f15-a3d3-adb2b49e9687,d3207263-511e-4c18-9620-063c67277f15
daee03d7-dcd5-400a-a14c-1157657f89d8,1a883048-2010-3e13-88dd-5f5e83005a0b
d96014e6-afdd-4d68-8d89-664e0b0e70aa,d3207263-511e-4c18-9620-063c67277f15
f35cda91-6288-448d-9055-849eb7d5ec64,
0de6e91b-261f-455e-be69-0459deb202ff,89080d89-22fe-39c9-9602-11fbbd73dd21
daee03d7-dcd5-400a-a14c-1157657f89d8,50a16a75-83a1-4157-a5e1-0d9a4b009d4a
24b1b9cf-a54f-4333-ad9b-223d14ada20f,d3207263-511e-4c18-9620-063c67277f15
a4fa993e-c3d5-45f7-b115-a499a3847dea,d3207263-511e-4c18-9620-063c67277f15
0de6e91b-261f-455e-be69-0459deb202ff,d3207263-511e-4c18-9620-063c67277f15
8c79ae48-627b-45a8-b4cb-7143f8132790,d3207263-511e-4c18-9620-063c67277f15
56134e8f-9409-495f-91d0-e1c9576c6ddb,d3207263-511e-4c18-9620-063c67277f15
24b1b9cf-a54f-4333-ad9b-223d14ada20f,37dd8611-6ac0-30a4-bb6e-bb5531dc9b74
24b1b9cf-a54f-4333-ad9b-223d14ada20f,0877e9ed-20dd-47c2-94f0-fdc962bec7db
5647202c-f8d0-4b62-a3c7-3c02bb09bc05,a6135265-e2a2-37c7-8d16-fb4f245f2b94
39d61991-b80a-4b88-8f9b-451704d42893,a6135265-e2a2-37c7-8d16-fb4f245f2b94
6a324c9b-cbb6-4b65-9556-3bcdf28a17d1,a6135265-e2a2-37c7-8d16-fb4f245f2b94
13054152-c8bb-4a38-8a62-26eb8c799bc8,a6135265-e2a2-37c7-8d16-fb4f245f2b94
f1547c77-c023-4ca6-93c5-6c9348502b24,a6135265-e2a2-37c7-8d16-fb4f245f2b94
5afe2cfd-4810-45df-bfd5-06c7e82ae930,a6135265-e2a2-37c7-8d16-fb4f245f2b94
85da51c1-2ded-4ade-969d-07bb33459970,a6135265-e2a2-37c7-8d16-fb4f245f2b94
7146c0bb-520d-4a26-9f2d-fdc374c75116,a6135265-e2a2-37c7-8d16-fb4f245f2b94
4ce9f308-3666-46bd-91fb-fe098c85dc04,a6135265-e2a2-37c7-8d16-fb4f245f2b94
a071ea91-0a46-4322-a6f6-c4e1a4cb7242,a6135265-e2a2-37c7-8d16-fb4f245f2b94
8955227f-e496-4ce4-92eb-29404544c6e5,a6135265-e2a2-37c7-8d16-fb4f245f2b94
092a89fa-a118-4052-8279-5c3b9aa8cdb4,a6135265-e2a2-37c7-8d16-fb4f245f2b94
40fca185-a969-471e-96d9-2c0981d91989,a6135265-e2a2-37c7-8d16-fb4f245f2b94
ad2f6990-df77-4906-8d2f-630666aaf9c9,a6135265-e2a2-37c7-8d16-fb4f245f2b94
c99289c5-5e75-421d-8555-94f235bb5167,a6135265-e2a2-37c7-8d16-fb4f245f2b94
781ff77e-bda9-41d4-bd59-9fd17c51991f,a6135265-e2a2-37c7-8d16-fb4f245f2b94
b362ad33-4aaa-4bdd-a45e-52489d315779,a6135265-e2a2-37c7-8d16-fb4f245f2b94
b7ad5a80-dfa4-4a49-bc4d-631e77eb23db,a6135265-e2a2-37c7-8d16-fb4f245f2b94
d989c6fb-7239-4983-b1a4-fcb79f9875a1,d36254a6-d5e0-496c-8096-baffeb073213
67d2a1ea-d5f2-4df1-989b-1bf9cdd4b51a,934c0029-7e68-40d0-a182-5c9069354876
655f31fa-0c67-4cea-a7a4-62f748026043,934c0029-7e68-40d0-a182-5c9069354876
723024ea-5a2d-4071-970b-ab06a7527406,934c0029-7e68-40d0-a182-5c9069354876
6ea9b56e-ef08-42b4-b669-0e817bfae7fb,dbed3333-11b9-32bc-b913-5e3c3ac6df2a
67d2a1ea-d5f2-4df1-989b-1bf9cdd4b51a,dbed3333-11b9-32bc-b913-5e3c3ac6df2a
d989c6fb-7239-4983-b1a4-fcb79f9875a1,df1c936d-e33e-4922-8782-af3d710f1fa7
994ba529-6c20-4481-9e7a-c246443c0f84,934c0029-7e68-40d0-a182-5c9069354876
77dfadf7-dd84-4ae5-a44e-e270b5e69a40,934c0029-7e68-40d0-a182-5c9069354876
259c134b-52fb-437a-8a57-c22764bc8659,934c0029-7e68-40d0-a182-5c9069354876
babe3db8-effb-485e-b84f-2f9b781bc0c5,934c0029-7e68-40d0-a182-5c9069354876
babe3db8-effb-485e-b84f-2f9b781bc0c5,dbed3333-11b9-32bc-b913-5e3c3ac6df2a
0935ccd7-02a8-4bec-a3f0-8ca751097e8b,dbed3333-11b9-32bc-b913-5e3c3ac6df2a
4488d623-b031-478f-8c4d-76cb518c5bb7,dbed3333-11b9-32bc-b913-5e3c3ac6df2a
0935ccd7-02a8-4bec-a3f0-8ca751097e8b,6d18f423-4e3d-4445-805b-18a154ee07ad
8db3f9c2-241a-4ef6-a725-ea8a18e2f575,934c0029-7e68-40d0-a182-5c9069354876
dcbf9fa1-73ac-48bc-b20a-b0ffaf6681ca,dbed3333-11b9-32bc-b913-5e3c3ac6df2a
f4367bbb-75b0-4fba-a61d-f1af22f8aa0f,dbed3333-11b9-32bc-b913-5e3c3ac6df2a
47fbb749-e115-4f9f-b66d-92596e32770d,6d18f423-4e3d-4445-805b-18a154ee07ad
f4367bbb-75b0-4fba-a61d-f1af22f8aa0f,934c0029-7e68-40d0-a182-5c9069354876
6c319ba6-ca4a-4dc0-bb31-619edfc40049,934c0029-7e68-40d0-a182-5c9069354876
fb1e8357-68a5-4951-a397-77e00e01e1a1,934c0029-7e68-40d0-a182-5c9069354876
f495b652-1c22-4698-82ec-788bbecd69fc,934c0029-7e68-40d0-a182-5c9069354876
fb1e8357-68a5-4951-a397-77e00e01e1a1,dbed3333-11b9-32bc-b913-5e3c3ac6df2a
f495b652-1c22-4698-82ec-788bbecd69fc,dbed3333-11b9-32bc-b913-5e3c3ac6df2a
d989c6fb-7239-4983-b1a4-fcb79f9875a1,dbed3333-11b9-32bc-b913-5e3c3ac6df2a
932c5cbb-ae2b-41c9-a992-7dd92a5c7e23,dbed3333-11b9-32bc-b913-5e3c3ac6df2a
8f9b3bdb-ce98-44e4-a5e5-fd7f034985d5,dbed3333-11b9-32bc-b913-5e3c3ac6df2a
d989c6fb-7239-4983-b1a4-fcb79f9875a1,7d5e25ce-77b1-35ad-9bd9-9153b60ef3e6
f4367bbb-75b0-4fba-a61d-f1af22f8aa0f,fb73fe40-2456-3dcc-9f15-7fdf675207f9
d989c6fb-7239-4983-b1a4-fcb79f9875a1,ca26014a-733c-3b26-8650-6c7003a6c551
d068a27b-d053-4516-8761-00902539eb4b,6d18f423-4e3d-4445-805b-18a154ee07ad
d989c6fb-7239-4983-b1a4-fcb79f9875a1,934c0029-7e68-40d0-a182-5c9069354876
d989c6fb-7239-4983-b1a4-fcb79f9875a1,c391e457-5391-4e27-8283-f179c340aaea
324a73c9-9bb4-40a4-8210-c6f846877479,5ef5ef18-1b94-3609-9b56-2e00fc753e2d
dcbf9fa1-73ac-48bc-b20a-b0ffaf6681ca,0e24bc2b-4d4e-420d-afdf-1113429ab7fa
d989c6fb-7239-4983-b1a4-fcb79f9875a1,cfe2e19a-65c5-4002-b325-7dd852bfe690
f4367bbb-75b0-4fba-a61d-f1af22f8aa0f,cfe2e19a-65c5-4002-b325-7dd852bfe690
d989c6fb-7239-4983-b1a4-fcb79f9875a1,63b0ae66-4528-437f-8e73-d46837f5fb3c
82b07426-dca6-43d2-ab56-cdbbaec6d0df,e76267f3-35f2-3f45-890d-1286cc723425
82b07426-dca6-43d2-ab56-cdbbaec6d0df,db4c7fdd-2e00-390a-a214-8ef33a19a920
68627059-e8df-434c-9803-17e6126d299b,0a32bf6c-fb1f-4a28-89db-6834303f7770
a14e43aa-0525-4491-8d03-15b327744622,0a32bf6c-fb1f-4a28-89db-6834303f7770
5f9db9c8-dd3d-46a0-96ae-cc6f48bd9683,7b1b7d03-2fcc-4851-a7f8-0e7f0a1cfc06
61e5c578-35cf-4b83-be5d-fd2eba2121a8,7b1b7d03-2fcc-4851-a7f8-0e7f0a1cfc06
aaf292bd-6b1c-40f7-99df-e7209827400e,7b1b7d03-2fcc-4851-a7f8-0e7f0a1cfc06
a4008463-1ba5-4181-a2ba-952d841de59f,7b1b7d03-2fcc-4851-a7f8-0e7f0a1cfc06
f0dc6540-d649-4ea2-a302-d16e4d9a1985,7b1b7d03-2fcc-4851-a7f8-0e7f0a1cfc06
c20ea1a6-0080-4d19-b442-2beb37e77ca4,7b1b7d03-2fcc-4851-a7f8-0e7f0a1cfc06
75e25d3d-de13-42cd-bf5a-bf1dd3ed36c3,7b1b7d03-2fcc-4851-a7f8-0e7f0a1cfc06
0110af80-e4e4-40f4-81e5-0019e2ca4a75,7b1b7d03-2fcc-4851-a7f8-0e7f0a1cfc06
0195b81d-cb12-4ede-bd7b-7cc074b19130,7b1b7d03-2fcc-4851-a7f8-0e7f0a1cfc06
c8d79f9e-2cb6-4702-9070-b7163fdbc29f,7b1b7d03-2fcc-4851-a7f8-0e7f0a1cfc06
cc1906a1-6e5f-41b9-8d56-6cba66d69a3e,7b1b7d03-2fcc-4851-a7f8-0e7f0a1cfc06
cc1906a1-6e5f-41b9-8d56-6cba66d69a3e,8b43b24f-43d8-307e-8bb8-3646472e891e
5f9db9c8-dd3d-46a0-96ae-cc6f48bd9683,67daa3d3-0210-3080-8b78-a2a41f191a41
af3ac9aa-3a44-4e49-890b-a3546173e7e5,72aa8441-b964-3e2c-ad44-168cbeb63e52
dacb0b65-4f80-4b70-8339-7b51e1764206,57e47433-d3e2-44d9-a6cf-09f189ca24fc
6b79fd95-e132-4397-9063-1e1715577790,57e47433-d3e2-44d9-a6cf-09f189ca24fc
d8ed3fe2-bfa3-4680-bdcb-46cee10b3783,57e47433-d3e2-44d9-a6cf-09f189ca24fc
ac9e3669-41bd-4831-a98d-ece3e15215db,57e47433-d3e2-44d9-a6cf-09f189ca24fc
15306699-32e8-4594-8f4d-3d73730babe4,57e47433-d3e2-44d9-a6cf-09f189ca24fc
3085a2e3-2538-4204-afde-d1bf7fcd3ccd,57e47433-d3e2-44d9-a6cf-09f189ca24fc
79396ad4-7c36-45ee-860b-9561b19a9866,57e47433-d3e2-44d9-a6cf-09f189ca24fc
e4410cf2-e233-4a0b-a46c-350ddd007d77,57e47433-d3e2-44d9-a6cf-09f189ca24fc
00a8fb78-9098-4b6d-aeb5-24e3a611e206,57e47433-d3e2-44d9-a6cf-09f189ca24fc
362b604b-9749-435e-972e-1faeb78efba1,57e47433-d3e2-44d9-a6cf-09f189ca24fc
d352378b-eec8-411c-84bd-d35e30dd0954,57e47433-d3e2-44d9-a6cf-09f189ca24fc
b19bc8af-9487-462d-a97b-dea4f9e0ded3,57e47433-d3e2-44d9-a6cf-09f189ca24fc
4bdc7d68-a197-4032-b8f6-b1158bec63be,57e47433-d3e2-44d9-a6cf-09f189ca24fc
ac2f71c6-7500-41da-89fc-f2b47580ccbb,57e47433-d3e2-44d9-a6cf-09f189ca24fc
5129103d-2da8-43c6-9d7f-803313eebf8b,57e47433-d3e2-44d9-a6cf-09f189ca24fc
1f2a1a88-47fa-4618-a5f0-d54eb8da6cf9,dca68776-5ae7-4e45-8d5f-1d5fed09ac3f
9fa2c9c8-d9fe-4e15-8057-6f375387e777,107306e1-69e2-39c6-a27b-af3e32e791d1
a8fd321e-2fbe-4713-be9f-cbe77563865e,6f27c28a-a078-3b7c-bc5f-0cddd1cd6157
68e8c1d6-8af8-4183-94c1-4c462039683e,3b6a553a-3e1c-3fdb-8901-b89671b4f2d9
68e8c1d6-8af8-4183-94c1-4c462039683e,2d2dd0e6-2b8e-318b-95a1-a4bc2a08615d
d0487fdb-bfc2-4658-bdf2-fd5c0017a838,994c8d64-c198-3640-a9b7-956d2db939ee
a63a62ed-c1dd-4c2c-b28c-641ca94a6e96,3a309633-d17f-3c0c-9f29-8f4f05e65c3e
d0487fdb-bfc2-4658-bdf2-fd5c0017a838,0d25f805-d6be-3e2d-8733-3ad95db53e57
ca95659b-1e93-4379-97fa-d39fa242c543,e88d2932-12f6-4604-b366-5fedd6bb7dc5
6ba5aa63-5255-4b26-b9ee-d7eae5c6a6a2,7c19e09a-b38c-4a99-a283-ae632a29a245
11f9b13f-5e94-40bc-b4c6-f817ed76f0e7,7e7add68-a4da-4492-84d0-6f10f1295aae
e95eb711-9eb8-4c08-905a-16f4f3583917,8eb40b4c-27f3-4810-afc3-a14ec6a07629
e95eb711-9eb8-4c08-905a-16f4f3583917,76a127a4-2920-35f4-9ece-3c570c218264
e95eb711-9eb8-4c08-905a-16f4f3583917,6f47f799-18b6-3071-9aeb-bcce05966d49
e95eb711-9eb8-4c08-905a-16f4f3583917,4b1d84c4-4c51-3d9b-8d0f-f7738e20cea7
e95eb711-9eb8-4c08-905a-16f4f3583917,96f73032-595a-31c6-9b1f-84a5a574efae
e95eb711-9eb8-4c08-905a-16f4f3583917,202ffe15-cf76-38ec-ab31-b530160675df
e95eb711-9eb8-4c08-905a-16f4f3583917,4cafcfdb-58fb-3025-ae5f-03de0bae9fad
e95eb711-9eb8-4c08-905a-16f4f3583917,bac0a4f8-14d6-3f9e-b99e-b9dc4d1b074b
e95eb711-9eb8-4c08-905a-16f4f3583917,6913521f-0f2b-320d-8637-46c7f89aa803
e95eb711-9eb8-4c08-905a-16f4f3583917,b6b6215c-ccd6-3c0b-9356-5ee32d4625e8
ddff4ef2-e1f0-4693-8746-e524ef92cf8b,82be5630-664c-43fe-bc9a-b8eee2b8e66a
e95eb711-9eb8-4c08-905a-16f4f3583917,280fbbf3-717d-4121-ad02-16685c6b1fa3
8349e8e3-82fd-4980-955c-7e77714cf0b1,94981e7b-567f-46e2-8c72-0e705f2b857f
e95eb711-9eb8-4c08-905a-16f4f3583917,5570977c-a51b-4d8e-8959-c7e7eb52e4ab
e95eb711-9eb8-4c08-905a-16f4f3583917,adb4366a-d2ef-4623-bbf7-74addbe8b3bf
11f9b13f-5e94-40bc-b4c6-f817ed76f0e7,70155016-7945-4eca-ae9e-002a062a9dfa
ed58e6dc-0975-4735-8410-3bb847290699,94981e7b-567f-46e2-8c72-0e705f2b857f
fb82d9e3-666d-4998-b341-4b8e48d37718,f7bfd8a4-6561-3941-bf06-144337da6ef6
a7cb0278-353b-40df-8bd1-0f9e2d011d82,94981e7b-567f-46e2-8c72-0e705f2b857f
f310cafa-c66e-43ea-9cc7-c44f9714bf9c,94981e7b-567f-46e2-8c72-0e705f2b857f
a7cb0278-353b-40df-8bd1-0f9e2d011d82,069d152a-fbe7-3f7e-91fd-4fcba004b643
5192ff77-7ba5-43f1-84ca-fb2f57fbd9d7,376172f4-d36d-3194-a61c-d4233edf8afb
e95eb711-9eb8-4c08-905a-16f4f3583917,4b7b09dd-9d4f-49cd-8934-83a4ef669740
30eb9001-b00b-438a-89f0-a2dcf61dddb8,4ad91d72-2151-384b-a87d-3c9605bbb9f0
e95eb711-9eb8-4c08-905a-16f4f3583917,a4fd0e65-c650-40c5-90e8-b9cdb1cb2159
e95eb711-9eb8-4c08-905a-16f4f3583917,44107a6e-7a80-4b98-8757-70c426f2d522
d1cc3ec2-0cd8-4562-9b6f-3ee8ad53f88e,6b6c6b0c-375b-4d8c-bbde-409f16421351
ff5b3d4b-87f7-4fd5-ba01-e514be86c776,a74be374-fba5-4342-a02d-b7c63f22e0b3
d1e67e40-6def-4338-bdca-4a443491025d,c4d77b0f-3f82-4b17-9cb6-58d943daec7a
d1e67e40-6def-4338-bdca-4a443491025d,f940329a-0063-361f-9099-6a73f5b32221
d1e67e40-6def-4338-bdca-4a443491025d,347577d3-ded5-3169-bbea-9f0bf8eae13a
d1e67e40-6def-4338-bdca-4a443491025d,7c03a65e-e7c7-35fd-8d6a-b4e561ff8a1a
d1e67e40-6def-4338-bdca-4a443491025d,a92b5b7d-3523-4e64-89e8-4273ba98ee60
d1e67e40-6def-4338-bdca-4a443491025d,d8122f0e-78cf-38ad-861f-16a6731dfcf1
d1e67e40-6def-4338-bdca-4a443491025d,397fbe25-c928-3d18-bed2-6a4a1d4f0396
d1e67e40-6def-4338-bdca-4a443491025d,903ba146-23d2-4a0b-893f-1a03cf2b0702
d1e67e40-6def-4338-bdca-4a443491025d,eec406e0-4f79-37c3-abd9-3db6e84f7675
d1e67e40-6def-4338-bdca-4a443491025d,11f49e4c-3d9c-3983-aa86-514423369324
336ab69a-eec8-4aef-bd62-0f5434c4506d,02b34b63-3f70-3f39-b44f-0595b50a9fa6
d1e67e40-6def-4338-bdca-4a443491025d,369a7483-06b7-48af-a80f-aed4a085c2a9
d1e67e40-6def-4338-bdca-4a443491025d,e883d79d-6e9c-3100-beed-1c607b363693
d1e67e40-6def-4338-bdca-4a443491025d,317f122a-2640-4e69-90f5-df1fdfc9687f
7fdf5ffd-9dd2-4e1b-9553-537f6c204988,e89a2b51-5a5f-3d4e-9309-f11e638fbe19
72d53e84-5f40-4755-a569-75243e17feee,abe5d272-a859-36f1-a6fb-7bbb5c87a12d
9dd32b5d-281e-42b5-8d0c-62bee8c9f851,abe5d272-a859-36f1-a6fb-7bbb5c87a12d
9f7fa332-9c3c-45c0-839a-17494432d6bd,abe5d272-a859-36f1-a6fb-7bbb5c87a12d
ce851923-2d46-4d40-a8ab-f3ccae76b078,abe5d272-a859-36f1-a6fb-7bbb5c87a12d
db1df6c0-bd87-462d-b4ba-5d16b85f6313,abe5d272-a859-36f1-a6fb-7bbb5c87a12d
51df82d6-cae6-4fe9-8dad-a6a31d30f9b3,abe5d272-a859-36f1-a6fb-7bbb5c87a12d
3c717f0e-3747-4655-923e-157c37c0cddc,abe5d272-a859-36f1-a6fb-7bbb5c87a12d
16fc098e-ab05-4bb8-8bbe-4c49700b23bf,abe5d272-a859-36f1-a6fb-7bbb5c87a12d
6dc92bc4-d6b9-42b1-898a-7eb16f27a562,abe5d272-a859-36f1-a6fb-7bbb5c87a12d
a0a104e2-0b7c-4f2d-8b39-4f12b326d175,abe5d272-a859-36f1-a6fb-7bbb5c87a12d
4a4d7e11-b20b-4dfb-ba21-ba94ce501e20,cd6a62dd-64f8-315d-a9ae-3d8d7e0ef6f0
c89533c7-7a19-4bdb-bc20-5772838f5cb9,cd6a62dd-64f8-315d-a9ae-3d8d7e0ef6f0
d7fd707d-3f2a-432a-96f9-37a34c851f9c,094d2b73-345e-31ca-ac7d-91f629146f76
d7fd707d-3f2a-432a-96f9-37a34c851f9c,d31fe813-a0a2-46e4-8325-b5a8c9978104
c89533c7-7a19-4bdb-bc20-5772838f5cb9,d31fe813-a0a2-46e4-8325-b5a8c9978104
29c21acb-bd7d-4218-af04-7acae0359a39,d31fe813-a0a2-46e4-8325-b5a8c9978104
783abd3d-4def-45d5-8d6e-bc184cd0dc68,d31fe813-a0a2-46e4-8325-b5a8c9978104
e81fe01b-b21d-49dd-9d12-d8ba7894d859,d31fe813-a0a2-46e4-8325-b5a8c9978104
b5037eac-65f3-4b64-84d4-a75a76387164,4039a77a-f621-34de-8ae1-7bc24ac0196c
64bbf088-2182-4112-8263-78c78b60d144,d31fe813-a0a2-46e4-8325-b5a8c9978104
4a4d7e11-b20b-4dfb-ba21-ba94ce501e20,d31fe813-a0a2-46e4-8325-b5a8c9978104
b5037eac-65f3-4b64-84d4-a75a76387164,d31fe813-a0a2-46e4-8325-b5a8c9978104
5d94ffff-d050-4f71-9343-da8476148687,b5442de3-2774-4e8b-a865-a35991cddb8e
21a29cd2-b987-4491-bbc0-84155bac8967,906ce8dc-9d07-4661-8fed-e1051e122825
34ac21b4-d38d-425f-a4c0-25011fd8af45,cd6a62dd-64f8-315d-a9ae-3d8d7e0ef6f0
b562f3a5-2320-49b2-80a8-f18528841fc4,8a23e3da-c3b7-477d-9a56-f04bc672bcdf
d7c30a01-9e7b-42f4-b6be-60b948d2d4f7,fd5b9fe7-5f5f-4bd6-8523-ee818ddb43e9
fe430bc4-038a-49ac-8ac0-874e430cb3fa,67bef895-cec9-3ea1-8f8e-9385c6c6e6ef
fe430bc4-038a-49ac-8ac0-874e430cb3fa,f96dbed8-0be9-4523-9776-a220fd2a9ef2
fe430bc4-038a-49ac-8ac0-874e430cb3fa,5876dc2f-ac72-32db-aff8-dc687666d452
fe430bc4-038a-49ac-8ac0-874e430cb3fa,bc2d79cb-07d0-4a85-bc7c-e33f2f737ad7
fe430bc4-038a-49ac-8ac0-874e430cb3fa,299c8b29-d1cb-4d76-8842-ef15db38a928
cb56a513-fdab-475c-8103-8e4314a9c232,d00a010e-a932-43c7-8d73-4a9031401c76
b8ebbc98-250e-46bf-b957-e140c639a0a5,d00a010e-a932-43c7-8d73-4a9031401c76
ad47ad33-2d8b-4731-913a-e82b51569a85,d00a010e-a932-43c7-8d73-4a9031401c76
75fe5a18-af48-46b7-b80b-ed9891943456,d00a010e-a932-43c7-8d73-4a9031401c76
4b5525fc-5d97-4261-baa9-fd74417529d1,d00a010e-a932-43c7-8d73-4a9031401c76
6c9937ff-a422-42cb-ae3c-bc88acf8cedd,d00a010e-a932-43c7-8d73-4a9031401c76
14a404b1-a87e-4eda-926c-a0360ad12fc0,d00a010e-a932-43c7-8d73-4a9031401c76
8f1faecf-ba0e-4b5f-b3b5-76a9ec2d67b2,d00a010e-a932-43c7-8d73-4a9031401c76
079beaa4-8c98-41c6-8113-2b76dacf92bc,d00a010e-a932-43c7-8d73-4a9031401c76
e144388a-04ec-4dc0-9733-badaee3d083e,d00a010e-a932-43c7-8d73-4a9031401c76
9e03f0ec-ff5e-42d4-819d-9c17834bff45,d00a010e-a932-43c7-8d73-4a9031401c76
1cde8254-be74-4014-aca5-760432d2f5fd,d00a010e-a932-43c7-8d73-4a9031401c76
be0a554e-8ec0-48ac-9b4c-7986ed042349,d3847338-9c6b-3706-b58d-9e4f15d6dc63
be0a554e-8ec0-48ac-9b4c-7986ed042349,0c31d238-ea54-3696-a4ea-49d1be5908b8
651cda3e-7234-4a8e-9b9c-92fc6a52e453,ec6949f2-4eb1-48c3-848e-e3f943302f51
be0a554e-8ec0-48ac-9b4c-7986ed042349,19858a49-6a9b-4551-81df-e049a7b74592
17748b95-72ba-44f1-bcc5-9572865ec28e,5b1dc07d-0597-439e-9ac5-30426f49c0c3
36e450ba-e83c-4188-9bf5-5cd71899e798,5b1dc07d-0597-439e-9ac5-30426f49c0c3
f0dbc799-8cae-4f9b-b246-097844727abb,5b1dc07d-0597-439e-9ac5-30426f49c0c3
75829c27-b1b0-476c-b279-84d07590f39f,5b1dc07d-0597-439e-9ac5-30426f49c0c3
6f7f800f-4902-4114-a041-04c4c47f04eb,5b1dc07d-0597-439e-9ac5-30426f49c0c3
822f012a-404a-4c6b-a560-aaef1c2c0432,5b1dc07d-0597-439e-9ac5-30426f49c0c3
c375bb72-111d-4225-9eaa-d1d9ab467cec,5b1dc07d-0597-439e-9ac5-30426f49c0c3
c4b38310-5af8-480d-a0d8-a0673e1c9ed7,5b1dc07d-0597-439e-9ac5-30426f49c0c3
51ba55c5-b2dc-4122-bbe6-fe9b47e2d428,5b1dc07d-0597-439e-9ac5-30426f49c0c3
1308d71a-6224-4304-8a87-7f55714081af,5b1dc07d-0597-439e-9ac5-30426f49c0c3
e5a8ab6e-afc8-468e-b7ae-514be379b47e,5b1dc07d-0597-439e-9ac5-30426f49c0c3
36e450ba-e83c-4188-9bf5-5cd71899e798,6b487777-86e2-3d49-9db4-ff427c5fee0c
43d35fd4-6d33-47e2-aede-d36cde43b218,12505b0d-ca13-39ba-8b32-8c9cd0a6b5eb
a9433960-8dac-4dfb-ae56-471cae41ab15,12505b0d-ca13-39ba-8b32-8c9cd0a6b5eb
a9433960-8dac-4dfb-ae56-471cae41ab15,ffca4a47-4007-389f-a6ea-6d47b95edc63
b99e84fc-4710-4232-9d19-932e4b376f85,ffca4a47-4007-389f-a6ea-6d47b95edc63
d0443512-abca-4fa7-89bf-50bb94cf19e7,ffca4a47-4007-389f-a6ea-6d47b95edc63
489a2e57-6dca-4dbb-a88e-80b04a27d1f3,aba3030a-7a3f-3c58-ac8c-3f08f532a3eb
43d35fd4-6d33-47e2-aede-d36cde43b218,aba3030a-7a3f-3c58-ac8c-3f08f532a3eb
43d35fd4-6d33-47e2-aede-d36cde43b218,e74a7039-776b-36ab-9f78-504c3ec3ff2c
aec8102e-8c02-4e16-b05f-1b131cb5dfb8,ffca4a47-4007-389f-a6ea-6d47b95edc63
78848064-deb9-4717-9ad1-6dd9dea2cfca,ffca4a47-4007-389f-a6ea-6d47b95edc63
489a2e57-6dca-4dbb-a88e-80b04a27d1f3,ffca4a47-4007-389f-a6ea-6d47b95edc63
3633d194-edc8-4e99-9cd3-de71cad734ef,ffca4a47-4007-389f-a6ea-6d47b95edc63
db173929-b695-4e3b-990c-c487445cc1c6,ffca4a47-4007-389f-a6ea-6d47b95edc63
aec8102e-8c02-4e16-b05f-1b131cb5dfb8,aba3030a-7a3f-3c58-ac8c-3f08f532a3eb
58387fce-4bff-42ae-971b-14fa4ba98136,ffca4a47-4007-389f-a6ea-6d47b95edc63
cc29d076-9ec9-4d82-8c6c-dea6a5d7cd60,ffca4a47-4007-389f-a6ea-6d47b95edc63
5d4a34cc-c3b1-4bd0-9e3d-3ec18b5d720a,ffca4a47-4007-389f-a6ea-6d47b95edc63
93c9c869-4710-4472-99a7-caeb1d1dfbff,aba3030a-7a3f-3c58-ac8c-3f08f532a3eb
58387fce-4bff-42ae-971b-14fa4ba98136,aba3030a-7a3f-3c58-ac8c-3f08f532a3eb
78848064-deb9-4717-9ad1-6dd9dea2cfca,aba3030a-7a3f-3c58-ac8c-3f08f532a3eb
cc29d076-9ec9-4d82-8c6c-dea6a5d7cd60,aba3030a-7a3f-3c58-ac8c-3f08f532a3eb
93c9c869-4710-4472-99a7-caeb1d1dfbff,ffca4a47-4007-389f-a6ea-6d47b95edc63
9790a826-c7d5-49bc-ab07-d5440b66a28d,81692505-22f6-3f60-a6e5-6b4e4898e33e
04e08812-0b7e-44e1-a399-f927d250fac0,ffca4a47-4007-389f-a6ea-6d47b95edc63
9790a826-c7d5-49bc-ab07-d5440b66a28d,ffca4a47-4007-389f-a6ea-6d47b95edc63
3a4860e8-a78c-460f-90b9-597edb623575,ffca4a47-4007-389f-a6ea-6d47b95edc63
d242c1bd-18aa-40c3-a57b-63ecb5455e08,ffca4a47-4007-389f-a6ea-6d47b95edc63
04e08812-0b7e-44e1-a399-f927d250fac0,aba3030a-7a3f-3c58-ac8c-3f08f532a3eb
9790a826-c7d5-49bc-ab07-d5440b66a28d,aba3030a-7a3f-3c58-ac8c-3f08f532a3eb
da42b176-0f75-4dc8-a399-c8d55e45c865,fe797fd2-ecfb-3c5b-9aa7-5ab41f58e73a
2ac675b6-b07f-4a7c-9fcf-ec30777f1b62,406e34bb-caab-3d8c-8b72-0a0aa750ca16
a42f3cf0-f916-4ac4-a5da-5af9649937d9,406e34bb-caab-3d8c-8b72-0a0aa750ca16
b1f644e5-1365-49f4-a0a2-07f02b9a976c,406e34bb-caab-3d8c-8b72-0a0aa750ca16
53012715-2e74-4311-b49b-f14023af3bfc,406e34bb-caab-3d8c-8b72-0a0aa750ca16
98da8513-d272-4656-9a74-e5f70b93c23e,406e34bb-caab-3d8c-8b72-0a0aa750ca16
97b2bce9-1dc4-4588-8947-95a4a719d93e,406e34bb-caab-3d8c-8b72-0a0aa750ca16
ca62f7d4-64d2-48e1-a02c-c86b870ced91,406e34bb-caab-3d8c-8b72-0a0aa750ca16
69a8bba9-75fd-4aca-85e0-1a70022cffed,406e34bb-caab-3d8c-8b72-0a0aa750ca16
8ba98b78-431d-4eb7-8949-0c52e9bce539,406e34bb-caab-3d8c-8b72-0a0aa750ca16
2f1892b7-5fe6-457b-84d2-5f4369e8878d,406e34bb-caab-3d8c-8b72-0a0aa750ca16
495105a3-9fdc-4cd6-af91-8232f47df3d6,406e34bb-caab-3d8c-8b72-0a0aa750ca16
c604e71b-f692-4279-a8be-8944bf65e917,406e34bb-caab-3d8c-8b72-0a0aa750ca16
f1bf515c-ef57-4456-a4cf-6ed9155833db,406e34bb-caab-3d8c-8b72-0a0aa750ca16
edb1c83b-1c7d-47f6-a421-b6a8d594efef,fefcfe08-16d6-3b3c-8388-a2102788416a
66b3b1ab-8d16-4888-8930-32176f440208,fefcfe08-16d6-3b3c-8388-a2102788416a
b009fb07-1c1a-4132-b783-3acafb07e9b6,fefcfe08-16d6-3b3c-8388-a2102788416a
4b7d6ba5-59fe-48f8-a1f4-f584c4c76eb2,ef841bdf-6ea7-4515-9ba5-e0fd19944ab7
c797558f-c5b7-4c94-9787-d3b08b7a5ca6,02ebecd7-5bcb-37ac-80a8-a078247933e4
109a4d37-94c3-4cb8-9589-5d45f92bb257,02ebecd7-5bcb-37ac-80a8-a078247933e4
2ea59926-d9b1-47ce-9c78-1ecbbc8f81c6,16010d08-9d23-392c-9b99-a634ed4859ba
2ea59926-d9b1-47ce-9c78-1ecbbc8f81c6,ac1b822d-5a46-4137-a3a8-c1af74af1f66
e990a6be-ebfa-406c-96a7-eb71e81d8e2d,7f25acaf-0134-35f7-a274-65c6a17d0097
8cef67c5-3a4c-4ee4-aa5c-9d2ba3714dd3,f18cb2b5-dea8-4dd1-a832-b643255dc841
3875e807-884d-4734-92dd-669195b1c0e9,f6e6edda-dcc4-30ba-bc27-a13b807c23ff
eb61946f-8021-483d-8ab0-c30ec9cf4565,f6e6edda-dcc4-30ba-bc27-a13b807c23ff
f2248a94-bbf5-4150-b33b-36d87f7fed24,f6e6edda-dcc4-30ba-bc27-a13b807c23ff
8cef67c5-3a4c-4ee4-aa5c-9d2ba3714dd3,f6e6edda-dcc4-30ba-bc27-a13b807c23ff
8241201e-eb6e-4399-8115-91fba666c04b,845750ff-9387-3fda-903e-9f406f2b4ce7
c9a03e87-526f-43df-8688-78e45a508fc3,cd6a62dd-64f8-315d-a9ae-3d8d7e0ef6f0
ad7a0dec-6f4e-4990-acc3-62e6997555ea,6ad24653-87fd-326d-a1f3-d639a631566e
56cd9742-de19-43d7-9fb1-87c47a352084,7a256a49-1f90-3fc2-b811-27bb0bc82273
c43a7875-f727-44bd-86ae-b265eb8e5565,7a256a49-1f90-3fc2-b811-27bb0bc82273
